StudNo,StudentName,Birthday,Degree,Major,UnitsEarned
2011-23806,Saraann Landal,2002-02-06,Business Administration,Biology,197
2001-66639,Hillier Earles,2005-02-15,Psychology,Psychology,189
2021-56130,Raquela Molloy,2004-03-05,Education,Mathematics,152
2021-26561,Judith Bellam,2006-10-18,Environmental Science,Political Science,41
2010-18271,Tracey Packham,1995-03-20,Graphic Design,Biology,116
2015-21355,Vallie Poncet,2006-11-17,Music,Art History,43
2007-39100,Merrick Tonkinson,1999-06-14,Anthropology,Biology,9
2022-35516,Hamid Mathelon,1995-10-21,Business Administration,Political Science,100
2020-47408,Cristina Duiged,1987-10-13,Criminal Justice,Political Science,149
2011-39436,Lydia Peabody,1992-02-08,Environmental Science,Music,82
2000-85658,Mayne Dix,1992-12-07,Nursing,Engineering,178
2008-48034,Gideon Maystone,2000-05-11,Biology,Art History,61
2022-18910,Brennen Leadbeater,1988-03-27,Environmental Science,Art History,184
2019-60300,Valerye Buttrum,1992-07-10,Education,Engineering,30
2015-33593,Chrystal Oddboy,2002-07-27,Environmental Science,Biology,102
2024-98774,Terri Esche,2003-06-14,Computer Science,Sociology,122
2023-86340,Steffi Keepe,1988-10-21,Music,Computer Science,28
2016-32658,Cathy Sima,1993-05-20,Computer Science,Art History,53
2021-56609,Eric McEvoy,1993-03-12,Nursing,Business,159
2001-52397,Odo Reuter,1990-08-14,Sociology,Biology,137
2016-81424,Gizela Catling,1992-11-17,English Literature,Political Science,105
2022-20650,Tawnya Champkins,2000-05-20,Education,Computer Science,83
2009-46046,Verine Duckworth,1984-02-02,History,Mathematics,58
2015-31129,Gard Aylwin,2005-09-04,English Literature,Psychology,177
2015-51933,Domingo Iseton,1989-09-10,Nursing,Sociology,62
2016-23856,Maudie Drew,1993-02-27,Psychology,Psychology,122
2005-51084,Derk Burgon,2002-04-12,Education,Sociology,77
2014-96603,Rene Jewis,2001-05-19,English Literature,Business,153
2022-34860,Vittoria Taberner,1998-03-28,Business Administration,Mathematics,194
2008-21669,Thorn Hinkley,1985-11-27,Business Administration,Biology,4
2000-69833,Ardine Calbrathe,2002-02-01,Marketing,Business,102
2010-29569,Enid Nethercott,1994-10-04,Computer Science,Mathematics,77
2004-86310,Courtenay Filpo,1998-02-14,Marketing,Sociology,17
2014-80060,Berty Payle,1996-01-06,Computer Science,Mathematics,113
2004-35166,Lamond Croneen,1996-07-29,Education,Business,7
2016-10076,Lewes Youngman,1999-03-18,Graphic Design,Psychology,33
2018-12300,Linea McRobbie,1997-07-01,Music,Political Science,57
2021-15426,Ole Bedding,1999-08-23,Nursing,Computer Science,184
2021-90207,Corrinne Oakwood,1998-01-06,English Literature,Music,161
2022-31575,Elsey Chalkly,2002-08-18,Criminal Justice,Mathematics,156
2020-84960,Noah Hurry,2003-12-27,Education,Music,35
2003-35959,Ninnette Cote,1995-09-11,Psychology,Computer Science,93
2021-47814,Joane Kropp,1997-08-30,Education,Business,63
2000-57600,Wilburt Bassilashvili,1992-12-26,Nursing,Art History,80
2002-45275,Alano Bremmell,1998-09-20,Mathematics,Engineering,113
2008-36528,Rodie Coorington,1983-11-24,Business Administration,Engineering,106
2024-54388,Yalonda Dafforne,1987-01-22,Political Science,Biology,74
2002-51480,Cookie McDoual,1994-10-20,Biology,Computer Science,200
2018-94438,Reginauld Swapp,1982-08-28,History,Engineering,169
2001-42592,Amil Pitfield,2005-03-12,Business Administration,Engineering,185
2005-49534,Heriberto Stoeck,1985-01-11,Education,Sociology,174
2022-33425,Malanie Yancey,1992-10-31,Biology,Computer Science,81
2018-36878,Esmeralda Bruckmann,1985-11-25,Art History,Biology,106
2020-69612,Helge Wilton,1998-10-28,Marketing,Business,171
2003-46083,Marcia MacRonald,1994-11-17,Business Administration,Art History,101
2001-86618,Jeffrey Shayes,1990-05-19,English Literature,Mathematics,78
2024-43176,Aleksandr Hamber,1987-02-04,Sociology,Art History,177
2000-37040,Nancee Othick,2005-02-26,Graphic Design,Political Science,47
2000-69524,Janina Shoebottom,2004-12-30,English Literature,Computer Science,150
2012-49661,Berkeley Elies,2004-02-29,Art History,Business,93
2024-80413,Sunny Cristoferi,1983-03-12,Psychology,Biology,7
2009-95675,Collin Toffoletto,1993-11-01,Biology,Art History,189
2013-95545,Halsey Driffe,1987-03-21,Marketing,Computer Science,160
2020-20208,Hanni Stallibrass,2006-08-10,Criminal Justice,Engineering,84
2015-65548,Charissa MacCurlye,2002-09-15,Nursing,Art History,165
2017-38961,Olga McCrum,2001-06-12,Political Science,Sociology,159
2022-18274,Erskine Gallgher,1994-04-18,Sociology,Art History,32
2021-37517,Kimberly Lacey,1987-09-13,Marketing,Mathematics,171
2017-70597,Don Cuttell,2001-05-03,Psychology,Mathematics,79
2003-44709,Brina Willoughby,1992-08-14,Political Science,Political Science,66
2004-20000,Con Demonge,1992-06-23,Music,Political Science,46
2017-96866,Drugi Blemings,1998-04-17,Mathematics,Engineering,1
2017-69119,Levin Smooth,1993-09-17,Nursing,Engineering,56
2009-22882,Darsie Harpur,1992-08-01,Computer Science,Music,39
2007-74254,Skippy Ethersey,1994-03-19,Psychology,Sociology,86
2004-35356,Rebekkah Tander,1995-05-01,History,Sociology,107
2002-70417,Raina Whitechurch,2001-07-09,Environmental Science,Engineering,71
2002-41894,Marika Seamer,1983-07-20,Anthropology,Art History,89
2013-91368,Alyda Goodbur,1993-07-08,Psychology,Music,45
2004-68293,Judie Andrejevic,1986-05-13,Communications,Biology,152
2009-46382,Culver McNerlin,1983-09-27,Nursing,Psychology,85
2015-58782,Bond Donaway,1998-04-15,Communications,Mathematics,122
2000-72290,Courtney Ludovici,2000-01-14,Political Science,Psychology,62
2020-88593,Ches Fothergill,2001-10-06,Art History,Engineering,107
2015-58763,Corbin Weinham,1994-10-24,Music,Psychology,63
2012-91129,Annelise Dillicate,1996-01-02,Computer Science,Political Science,189
2017-19115,Kiri Plane,1995-12-14,Marketing,Mathematics,185
2007-57255,Terrye Coal,1999-05-24,English Literature,Computer Science,106
2000-27250,Donnell Leaton,1997-05-17,Computer Science,Art History,128
2008-79296,Averil Rossbrooke,2003-12-21,Environmental Science,Political Science,72
2010-82990,Trever Cossom,1982-09-06,Biology,Computer Science,142
2017-14228,Jennifer Annwyl,1996-08-12,English Literature,Mathematics,7
2002-29012,Kamillah Douche,2000-05-05,Graphic Design,Biology,10
2020-48237,Lillis Joscelin,1984-06-24,Engineering,Political Science,78
2018-16150,Willyt Bourhill,2003-01-13,Psychology,Computer Science,193
2005-37107,Dina Liquorish,1982-09-08,Environmental Science,Art History,139
2001-55889,Val Bennitt,2005-01-27,Computer Science,Sociology,26
2023-47752,Mella Wolfenden,1985-01-16,Education,Biology,100
2006-59984,Leonerd Jacobi,1994-07-27,Communications,Psychology,46
2019-84851,Blake Ligertwood,1988-02-11,Mathematics,Business,8
2004-61646,Amory Manwaring,1984-10-04,Sociology,Engineering,74
2008-44195,Bronnie Waldie,1983-12-23,Business Administration,Mathematics,100
2014-99800,Becca Scoyles,1982-03-12,English Literature,Art History,63
2018-34376,Ealasaid Dimock,2005-02-06,Mathematics,Engineering,51
2014-71907,Dorothy Kirkbride,2003-12-17,Business Administration,Engineering,151
2005-88665,Chiquita Hrus,2004-11-09,Criminal Justice,Music,72
2012-19467,Celestyna Wedge,2000-11-14,Computer Science,Political Science,58
2024-20640,Stephenie Segrave,1996-11-18,Education,Engineering,52
2010-41157,Corrianne Pigram,1987-08-23,Marketing,Political Science,128
2005-78630,Florencia Tuohy,2004-08-17,Music,Music,26
2020-47133,Edmund Melrose,1983-08-15,Computer Science,Business,188
2020-56917,Viole Wilbraham,2003-06-16,Computer Science,Biology,82
2021-98665,Lammond De Mattia,2000-10-11,Nursing,Mathematics,119
2015-89906,Waite Papworth,1997-09-04,Criminal Justice,Political Science,44
2005-65431,Cathy Nunson,1999-05-29,Art History,Psychology,139
2000-15612,Jarvis Nears,1987-03-24,Mathematics,Music,147
2021-98472,Alano Noirel,1988-08-17,Communications,Art History,27
2013-53736,Sammie MacCaull,2006-04-06,Nursing,Music,172
2022-88467,Gayler Duxfield,2003-03-18,Biology,Sociology,166
2023-97783,Kaylil Josefsson,1998-05-05,Graphic Design,Engineering,126
2022-39811,Petra De Maria,1992-05-26,Biology,Art History,193
2013-49084,Archambault Comer,1984-02-29,Music,Computer Science,134
2015-50900,Eleanor Marchetti,2001-04-09,Psychology,Mathematics,99
2024-28105,Garwood Reddie,2003-02-18,Biology,Music,36
2021-86630,Laraine Pampling,1984-05-14,Sociology,Sociology,65
2024-32636,Magdaia O' Meara,1993-10-27,Graphic Design,Engineering,48
2004-65994,Ignatius Barlas,2006-10-07,Sociology,Psychology,190
2023-13238,Gerald Henrych,1994-03-28,Biology,Political Science,9
2009-15149,Frederica Toler,1990-03-22,Graphic Design,Mathematics,126
2011-37083,Oby Conradie,2005-04-30,Criminal Justice,Engineering,84
2011-11617,Tera Little,1997-05-10,History,Sociology,174
2003-52741,Brigitte Tootal,2003-11-23,Sociology,Psychology,154
2004-88742,Vance Cholonin,1985-02-12,Computer Science,Sociology,18
2001-82858,Roderick Fotheringham,1987-03-30,Nursing,Sociology,147
2009-96050,Tommie Hedditeh,2001-07-16,Graphic Design,Biology,26
2015-94999,Cindie Gommowe,1995-03-25,Music,Computer Science,193
2009-72459,Ardelia Dunklee,1984-06-14,Environmental Science,Business,37
2010-93218,Philippa Verma,2001-03-18,Anthropology,Biology,65
2024-64830,Maura Geldart,1992-01-11,Communications,Political Science,9
2017-92013,Ninette Fernant,1992-06-07,Marketing,Engineering,64
2011-30923,Jaclyn Blakely,1986-09-09,Marketing,Biology,109
2021-25906,Alexandre Golbourn,1985-11-22,Psychology,Sociology,112
2002-72768,Kathryn Tysall,1984-05-20,History,Sociology,126
2004-13269,Timmi Trudgian,1998-04-13,Criminal Justice,Computer Science,27
2001-85934,Pamela Kemwall,2006-03-26,Environmental Science,Sociology,17
2013-75976,Bradan Conboy,1994-03-23,Computer Science,Engineering,155
2024-17410,Syman Sambrook,1989-10-09,Nursing,Business,5
2018-76152,Durante Dadds,1984-02-15,Biology,Psychology,121
2009-53655,Timothea Braksper,1982-12-20,Communications,Biology,94
2022-50442,Tommy Axelbey,1989-01-27,Computer Science,Political Science,197
2004-62841,Rene Jollands,1998-02-01,Anthropology,Computer Science,80
2018-17745,Aline Fullicks,1990-05-31,Sociology,Biology,68
2010-77112,Clyve Gorghetto,2000-03-22,Criminal Justice,Art History,150
2024-32385,Beatriz Archambault,2000-04-08,Business Administration,Mathematics,36
2012-54452,Bartolemo Sier,1997-08-05,Music,Computer Science,166
2023-30508,Mireille Sherwell,2001-06-21,Computer Science,Business,100
2024-52789,Randie Rosentholer,1990-07-22,Sociology,Mathematics,156
2017-38752,Ansel Hordell,1999-03-13,Computer Science,Psychology,99
2019-67200,Vonni Menichino,2001-06-24,History,Mathematics,115
2003-71885,Lucie Arnaudot,2000-05-02,Marketing,Art History,125
2011-52886,Romy Philp,2004-06-20,Computer Science,Mathematics,113
2008-39792,Fanni Vidineev,2002-10-02,English Literature,Art History,10
2009-36477,Homer Andre,1982-06-28,History,Computer Science,36
2019-45670,Naomi Almond,1989-03-02,Graphic Design,Mathematics,139
2017-28877,Cynthia Sudell,1988-06-29,Sociology,Biology,47
2024-95177,Gradey Shepeard,1987-02-26,Business Administration,Psychology,112
2021-79643,Cherianne Krol,1991-05-11,Sociology,Music,69
2024-24383,Graham Gainor,1994-11-05,Anthropology,Sociology,124
2023-33235,Paul Coleborn,1983-10-04,Business Administration,Political Science,147
2012-68069,Cos Sopp,1988-04-15,Art History,Biology,123
2011-19070,Melicent Basire,1998-12-07,Music,Art History,82
2024-43132,Dido Shillom,1985-05-11,Art History,Political Science,25
2018-34087,Tadd Mortel,1986-08-28,Business Administration,Engineering,7
2007-26839,Trisha Mauro,2001-09-03,Sociology,Biology,22
2016-57700,Anstice Attwill,1982-11-05,Business Administration,Music,34
2020-58030,Aidan Chiddy,2005-04-10,Political Science,Business,106
2011-75058,Dulcie Antonacci,1992-06-10,Graphic Design,Engineering,127
2013-87563,Timmie Pandie,1996-09-24,Art History,Engineering,94
2013-23648,Thaine Alfonzo,1995-09-23,Psychology,Computer Science,35
2018-28167,Bamby Beekmann,1999-05-30,Engineering,Art History,131
2021-87051,Vinnie McGray,2001-11-16,Art History,Sociology,81
2008-63973,Dorelle Anthon,1990-05-13,Sociology,Business,152
2001-42885,Alec Spitaro,2000-09-03,History,Psychology,70
2005-92052,Glynn Ledes,1984-06-12,Environmental Science,Mathematics,136
2017-27324,Clementina Points,2002-04-11,Music,Political Science,137
2015-22805,Ruy Gianetti,1982-12-18,Computer Science,Art History,114
2006-29325,Mariya Keizman,2006-04-17,Criminal Justice,Music,200
2018-87366,Devin Yoskowitz,1988-10-25,Biology,Computer Science,42
2017-72805,Ardelle Glazer,2002-04-18,Nursing,Sociology,95
2022-71979,Rozina Pill,2002-04-26,Education,Computer Science,153
2013-16294,Dominik Grinishin,2003-04-12,Marketing,Mathematics,159
2008-12538,Lemuel Frankcombe,1991-04-28,Engineering,Music,89
2002-93140,Juliann Ofen,2005-08-15,Mathematics,Political Science,2
2009-94899,Haley Garvie,1982-03-12,Engineering,Mathematics,160
2006-77101,Kennedy Cheale,1988-01-20,Environmental Science,Engineering,169
2010-87956,Annabel Panketh,1998-01-29,English Literature,Biology,129
2005-99741,Hadley Hambly,1985-01-03,Biology,Computer Science,175
2020-55247,Axe Jaouen,1983-08-28,Music,Engineering,50
2021-97996,Phyllys Lazarus,2000-10-18,Computer Science,Computer Science,153
2013-48244,Sibelle Christie,1993-08-14,Art History,Business,154
2015-35090,Jasmin Lidgard,1991-06-03,History,Engineering,53
2022-55520,Livy Ninnotti,1984-10-13,Business Administration,Business,23
2022-52041,Cris Callum,1998-02-01,Political Science,Music,76
2014-20830,Laird Wakley,2005-04-16,Graphic Design,Sociology,139
2024-39633,Farly Imlin,1988-09-10,Music,Engineering,116
2017-85110,Nettle Lucks,1990-08-29,Psychology,Computer Science,50
2008-19723,Cymbre Ommundsen,1989-04-12,Engineering,Business,63
2011-24639,Paddie Salling,1995-08-19,Education,Computer Science,142
2013-56253,Luciano Brettell,2004-10-02,Nursing,Biology,84
2000-83920,Annora Eddies,1993-04-08,Political Science,Biology,68
2013-29762,Hube Barnwall,1985-03-17,Criminal Justice,Business,48
2006-35498,Gerri Wisham,2005-09-15,Mathematics,Psychology,122
2017-37617,Corenda Shropshire,1991-04-20,Anthropology,Mathematics,137
2020-67340,Poppy Tschierse,1994-09-10,English Literature,Mathematics,8
2020-10502,Syman Twiddell,1993-04-02,Psychology,Biology,172
2012-72327,Jerri Darrington,1986-03-20,History,Computer Science,43
2015-68501,Sibylle Mathan,1983-12-18,Mathematics,Psychology,134
2020-31052,Clayborne Kiely,1998-04-10,Music,Biology,48
2013-93141,Briant Mc Menamin,1990-01-01,Mathematics,Mathematics,195
2002-70275,Athena Vigar,2002-12-14,History,Psychology,92
2019-46944,Masha Element,1992-07-12,Environmental Science,Biology,100
2008-23256,Aloisia Screase,2002-12-18,Criminal Justice,Music,48
2020-24890,Allie Storrar,1985-06-25,English Literature,Psychology,198
2020-12097,Noami Borrow,1997-04-13,Computer Science,Computer Science,60
2010-80057,Biddy Caulwell,2003-03-24,Criminal Justice,Business,71
2004-85253,Tabbie Clayal,1992-01-18,Art History,Psychology,167
2008-45279,Trudi Durden,1985-02-23,Computer Science,Music,165
2017-47700,Leta Kynoch,1986-10-13,Psychology,Political Science,160
2016-59193,Forester Rebeiro,1983-07-11,Music,Business,28
2000-77867,Alissa Gounard,1987-11-02,Music,Mathematics,119
2002-12060,Shepard Chapelhow,1986-08-15,Anthropology,Business,1
2015-11333,Georges Garrould,2006-11-14,History,Biology,149
2007-57893,Elizabeth Figura,2002-07-13,Criminal Justice,Music,105
2019-86480,Archibold Leftridge,2000-12-14,Anthropology,Art History,200
2004-90180,Auberon De Paepe,1992-06-10,Political Science,Computer Science,112
2009-88778,Carma Clissold,1994-01-28,English Literature,Music,71
2015-34772,Sawyer Keerl,2006-09-07,Political Science,Art History,141
2020-15919,Lynnell Verrill,1990-03-01,Business Administration,Engineering,135
2002-95006,Cindelyn Jaine,1996-05-31,Business Administration,Business,68
2013-34787,Kurt Aslet,2006-09-01,Criminal Justice,Biology,198
2023-28199,Kristen Dymock,2004-03-15,Criminal Justice,Computer Science,100
2014-38050,Fraze Elliston,1986-07-20,Biology,Sociology,139
2001-56619,Granger Danneil,1985-07-09,Graphic Design,Art History,16
2001-19037,Maure Fermin,1996-03-26,Communications,Political Science,136
2001-62806,Shannen Pendlington,1983-03-27,Graphic Design,Political Science,123
2005-26135,Marcos Moquin,1982-01-04,Biology,Psychology,53
2018-69367,Alphard Pirazzi,1984-10-27,Sociology,Psychology,77
2020-31721,Bekki Wade,1990-02-26,Music,Computer Science,97
2022-98714,Dawn Linke,1982-10-05,Art History,Psychology,67
2005-28837,Franchot Bollini,2003-02-21,Graphic Design,Mathematics,107
2004-78667,Kathie Heamus,1992-08-25,History,Business,14
2024-40060,Caleb Fraanchyonok,1999-12-16,Computer Science,Political Science,123
2011-91154,Katalin holmes,1999-04-03,Political Science,Psychology,137
2018-26243,Mufinella Ogglebie,2000-04-23,Sociology,Political Science,59
2011-71911,Retha Vanyard,1989-09-24,Anthropology,Psychology,183
2009-19774,Christie Immings,1994-01-30,Communications,Biology,132
2008-13555,Dylan Hars,1985-03-11,Biology,Engineering,64
2010-76320,Aubrie Sparshutt,1990-06-23,History,Music,85
2006-60247,Annamaria Kamena,1985-08-20,Sociology,Engineering,197
2024-45634,Francyne Thornton-Dewhirst,2004-02-14,Sociology,Computer Science,21
2002-96680,Mike MacGilpatrick,1998-06-13,History,Psychology,24
2005-80493,Clementia Brindle,1993-07-12,Psychology,Engineering,189
2018-11820,Felike Francombe,1986-09-01,Business Administration,Art History,95
2003-41550,Isabelita McKinnon,1990-06-14,Art History,Mathematics,20
2007-52812,Bailey Creffield,1995-11-20,Engineering,Sociology,155
2004-73418,Silvano Lisle,1990-06-21,Nursing,Engineering,137
2015-10620,Jeremie Bonham,1989-08-14,Anthropology,Engineering,76
2013-97382,Crawford Durham,1995-08-29,Computer Science,Mathematics,13
2007-94533,Kattie Messitt,1992-08-03,English Literature,Biology,167
2007-27636,Shaina Elderton,1982-05-20,Engineering,Psychology,48
2004-65522,Antony Jeanet,1982-01-19,Marketing,Political Science,188
2004-67815,Tabatha Tiddy,1986-06-07,Music,Business,120
2002-79123,Berthe Geroldo,2004-12-08,Environmental Science,Biology,63
2009-48857,Hendrika Lamburne,1995-12-06,Nursing,Business,110
2014-54727,Aurthur Stolze,2006-06-04,Marketing,Business,3
2017-13618,Tristam Malek,2002-06-02,Marketing,Mathematics,97
2014-48691,Hadrian Kingsland,2001-09-23,Marketing,Computer Science,150
2014-63366,Sven Gozney,1983-06-22,Nursing,Engineering,144
2005-86448,Christal Milne,2003-03-04,History,Biology,29
2018-82940,Margarita Mancktelow,2003-07-25,Graphic Design,Engineering,174
2010-84142,Nanni O'Noulane,1986-04-04,Marketing,Political Science,5
2019-88300,Tedda Sailer,1991-01-11,Criminal Justice,Mathematics,119
2015-47850,Noach Matej,1997-09-08,Nursing,Computer Science,100
2000-32950,Dore Whiten,2005-11-19,Anthropology,Art History,101
2010-40884,Casey Lawful,1999-06-15,Business Administration,Business,91
2024-21669,Veronika Iacomo,1995-01-11,English Literature,Art History,112
2001-14867,Elliot Byway,1999-09-07,Art History,Art History,133
2014-33900,Jillana Claisse,2004-10-29,Art History,Sociology,67
2003-63753,Blane Cobello,2002-08-23,English Literature,Biology,93
2020-12530,Norbie Marrable,1991-05-19,Political Science,Sociology,178
2007-71403,Bernie Olivetti,1982-07-10,Music,Biology,105
2019-86122,Verina Berthon,1998-06-11,Criminal Justice,Psychology,150
2007-32827,Jeannine Makeswell,1994-04-17,History,Music,142
2011-92086,Emeline Coulbeck,2006-05-13,Engineering,Biology,126
2011-79987,Gabby Brugsma,1982-04-29,Communications,Business,47
2010-85261,Mallory Elsmore,1992-02-17,Art History,Engineering,17
2021-36789,Trumann McWaters,1988-02-26,Education,Music,107
2013-47444,Thorndike Ennor,1984-05-20,Music,Engineering,122
2015-34859,Pooh Tomes,1996-08-23,Biology,Psychology,11
2005-26522,Xenia Abyss,1991-07-02,Mathematics,Business,48
2008-57685,Mitchael Sommerfeld,1987-07-17,Nursing,Psychology,102
2016-33455,Crosby Gleeson,2005-11-09,Political Science,Business,106
2017-94446,Katleen Murfin,1984-12-17,History,Music,5
2006-62894,Candice Culligan,1983-05-05,Political Science,Computer Science,24
2010-11151,Abie Puttock,1985-09-01,Marketing,Art History,30
2009-42510,Ross Brabbs,2002-04-15,Political Science,Art History,175
2001-33926,Violante Huggins,1996-11-16,History,Psychology,64
2008-20163,Consolata Gobert,2003-12-03,Environmental Science,Biology,34
2000-27212,Killian Barbey,2000-03-11,Psychology,Art History,32
2000-30163,Francklyn Andreone,1983-03-16,Marketing,Engineering,20
2007-55274,Kacey MacCauley,2001-11-14,Political Science,Music,33
2015-40400,Gilberta Arendsen,2002-08-10,Biology,Computer Science,163
2017-15156,Mallory Crummy,1983-07-15,Computer Science,Biology,144
2004-76183,Jeannette Marchi,2006-01-04,Graphic Design,Mathematics,164
2017-85946,Marlyn Skone,1993-06-03,Political Science,Psychology,131
2008-36967,Tedda Kinahan,1992-05-23,Art History,Business,82
2006-49061,Gardiner Denison,1992-12-07,Mathematics,Engineering,162
2004-58883,Dinah McIvor,1987-09-26,Environmental Science,Mathematics,84
2015-38993,Rutger Ewen,2003-05-24,Environmental Science,Sociology,111
2004-20307,Conni Impett,2001-09-29,English Literature,Computer Science,91
2016-73033,Sauveur Lindores,1988-03-02,History,Art History,68
2008-58141,Morena Bushell,1993-03-22,Engineering,Mathematics,145
2024-42986,Kandace Tyres,1983-10-15,Marketing,Political Science,186
2012-73933,Ines Greatrakes,2004-05-25,Psychology,Psychology,114
2003-33752,Constantine Arnholz,2006-08-04,Music,Music,48
2007-99223,Alleyn Whitton,1996-05-07,History,Mathematics,37
2018-13324,Clint Bronot,2002-03-15,English Literature,Business,150
2003-97140,Georgette Tersay,1982-11-10,Mathematics,Mathematics,179
2003-99074,Faythe Coucha,1988-07-15,Political Science,Art History,43
2005-21151,Nicki Heathcoat,1988-07-22,Art History,Mathematics,136
2019-46230,Joellen Sharples,1991-01-13,Communications,Mathematics,71
2019-48265,Hatti Medeway,1989-01-02,English Literature,Political Science,55
2017-79230,Illa Imm,1990-12-19,Marketing,Biology,183
2016-76091,Jacky Mumm,1982-12-19,Mathematics,Computer Science,137
2016-42140,Othello McNeillie,2006-09-18,Graphic Design,Art History,158
2018-25905,Melinde McAlroy,2002-01-06,History,Business,21
2015-50430,Gabie Picot,1986-02-04,Mathematics,Political Science,125
2020-94455,Eliot Chitham,2001-08-27,Biology,Mathematics,120
2018-48482,Libby Kenvin,1992-03-13,Mathematics,Sociology,66
2015-14698,Moreen MacCostye,1995-03-30,Environmental Science,Psychology,151
2021-89035,Meryl Ivel,1992-03-28,Biology,Psychology,12
2008-25551,Tulley Stoneley,2003-09-15,Graphic Design,Business,103
2021-67886,Alyssa Callaby,1983-07-14,Psychology,Computer Science,70
2020-29469,Brandy Dyball,2000-03-10,Graphic Design,Computer Science,1
2012-70268,Muire Cathersides,2003-02-01,Computer Science,Psychology,2
2009-55504,Pepillo Learmouth,2003-09-13,Graphic Design,Psychology,43
2019-81561,Betti Dunster,1982-03-03,Business Administration,Business,125
2017-82853,Chilton Furness,2001-06-12,Business Administration,Business,118
2012-24507,Gerardo Porteous,1989-08-05,Business Administration,Biology,86
2009-45972,Patience Burriss,1984-06-05,Art History,Political Science,186
2019-81031,Reta Dilrew,1983-11-13,Communications,Political Science,17
2019-55838,Delmore Stebbings,1994-02-24,Mathematics,Art History,120
2020-13546,Mariya Pelman,1988-03-16,Art History,Business,117
2018-98816,Sunshine Papierz,1984-09-11,Criminal Justice,Mathematics,195
2007-59467,Suzie Gostling,1989-08-29,English Literature,Computer Science,53
2011-76765,Fiona Gentzsch,1988-06-28,Computer Science,Sociology,92
2010-90152,Amelia Knell,1982-04-28,Criminal Justice,Computer Science,104
2008-10499,Gerry Loreit,2006-07-07,Biology,Mathematics,53
2003-39407,Lila Rollings,1996-10-22,Biology,Political Science,152
2009-67047,Jerry Vergo,1986-07-24,Environmental Science,Mathematics,115
2001-99307,Hiram Weatherhead,1987-02-26,Sociology,Mathematics,50
2000-31968,Gustie Lasty,2006-07-28,Sociology,Music,46
2014-89187,Dewain Roderham,1998-09-22,Communications,Music,93
2002-27370,Roderic Dempsey,1992-11-10,Marketing,Biology,49
2020-86240,Lennard Crass,1987-06-05,History,Art History,161
2009-66720,Ryann Graben,1994-05-06,Criminal Justice,Psychology,82
2003-32939,Emerson Gotcher,1998-03-12,Marketing,Computer Science,167
2022-33646,Mab Sterndale,1994-07-18,Marketing,Sociology,150
2009-66677,Page Gallegos,1985-11-23,Biology,Psychology,134
2001-75199,Den Kerbler,1984-12-06,History,Psychology,79
2001-76267,Marilin Scough,1982-11-23,Marketing,Psychology,7
2010-78383,Britt Eyden,1993-02-25,History,Art History,188
2023-52510,Charisse Linford,1996-12-04,Psychology,Mathematics,166
2010-37203,Dennet Shallo,1991-04-12,Nursing,Computer Science,18
2008-59827,Neron MacCostye,1995-02-02,Communications,Political Science,64
2013-43607,Concettina O'Kennedy,1991-10-09,Communications,Engineering,126
2002-20600,Shandeigh Owthwaite,2004-01-05,Political Science,Business,3
2014-81307,Datha Daniels,1984-05-12,Art History,Political Science,167
2019-63326,Michaela Tschursch,1984-06-25,English Literature,Mathematics,123
2008-18296,Levon Warrilow,2003-01-20,Biology,Psychology,199
2021-35250,Elly Burchmore,1995-03-20,History,Art History,200
2012-25698,Codi Bouette,1995-08-15,Nursing,Engineering,159
2020-30238,Onfroi Pecey,1987-09-15,Graphic Design,Computer Science,151
2021-67214,Emory Aldrick,1987-05-18,Biology,Art History,129
2018-93460,Gray Scargle,2006-01-18,Political Science,Engineering,76
2003-45150,Alec Montez,1987-12-19,Sociology,Biology,191
2007-14612,Linnell Locker,2000-01-14,Marketing,Political Science,150
2017-14768,Rickard Raikes,2003-06-09,Mathematics,Psychology,187
2010-56359,Dulci Fasler,1993-07-04,History,Biology,55
2008-30903,Patty Bottrell,1996-09-11,Art History,Psychology,138
2016-18474,Cad Alves,2003-09-04,Art History,Music,18
2008-48768,Sayers Sieve,1991-03-07,Business Administration,Biology,14
2011-64989,Michele Yukhin,1996-03-15,Psychology,Computer Science,51
2024-68941,Byram Eames,1983-07-05,Nursing,Engineering,54
2010-70788,Gage Headech,1988-01-12,Computer Science,Sociology,96
2018-19447,Tracey Bradnum,1985-01-22,Music,Engineering,122
2002-29434,Sheelah Boobyer,1995-02-16,Art History,Mathematics,198
2005-23414,Florella Spini,1987-11-05,Business Administration,Political Science,198
2015-23808,Hilarius McCaughey,1999-06-07,Anthropology,Psychology,143
2001-43103,Joby Billin,1989-08-16,Mathematics,Computer Science,63
2018-60792,Carey Spring,1989-06-06,Education,Psychology,59
2005-41801,Myron Imason,1991-05-24,Engineering,Music,149
2015-37162,Misty Duerden,1999-07-19,Computer Science,Psychology,142
2014-47949,Michelle Dunkinson,1993-08-02,English Literature,Political Science,174
2018-27592,Maurita Viste,1990-06-15,History,Business,186
2008-19200,Blane Gayne,1992-04-05,Education,Computer Science,25
2018-86194,Poppy Yurenin,1989-05-16,Communications,Psychology,125
2005-81910,Rafaello Payne,1983-08-16,Sociology,Biology,31
2003-26861,Anthiathia Jahndel,2006-07-16,Graphic Design,Business,102
2023-73920,Lianne Gilfoy,2003-01-27,Anthropology,Art History,184
2002-15135,Martita Furneaux,2000-05-04,Nursing,Computer Science,156
2014-97406,Frannie Pereira,1995-04-02,Sociology,Computer Science,189
2019-62769,Elysia Skevington,1985-11-02,English Literature,Political Science,152
2010-43406,Guntar Gulley,1983-01-03,Sociology,Art History,104
2012-53738,Dotty Dreger,2001-11-12,Art History,Sociology,200
2018-95446,Clementine Torbet,2000-01-26,Engineering,Mathematics,54
2013-98918,Michale Dimitrie,2005-07-20,Political Science,Sociology,44
2020-73565,Gardie Greedy,1989-11-30,Sociology,Music,147
2003-56903,Jo Brinkley,2000-02-21,Music,Sociology,196
2015-77725,Basile Kunat,1984-02-10,Music,Biology,133
2023-32539,Kalinda Pleaden,1990-12-06,History,Computer Science,17
2022-12255,Cherise Dews,1998-12-01,English Literature,Art History,134
2006-98863,Hugo Kintish,1983-04-07,Business Administration,Computer Science,101
2018-41550,Erl Barbara,1983-05-28,Anthropology,Political Science,42
2023-16357,Bibi Nixon,1986-11-24,Psychology,Mathematics,54
2015-63086,Milo Challinor,1985-09-21,Sociology,Business,177
2021-80838,Selina Scranney,1985-08-18,Computer Science,Art History,159
2008-10175,Tally Crowcroft,1990-12-18,Education,Computer Science,84
2007-49256,Buiron Abbado,1985-12-11,Anthropology,Business,23
2000-21260,Corrianne Semeniuk,2000-11-07,Nursing,Art History,57
2003-41263,Hana Robers,1996-10-21,Biology,Sociology,100
2010-27211,Huey Cameli,1985-03-03,Psychology,Computer Science,178
2014-42844,Tito Coatsworth,1993-04-23,Psychology,Art History,114
2002-30565,Arlan Ketts,2004-03-23,Anthropology,Computer Science,145
2009-42725,Ansley Sandiland,1996-02-23,Sociology,Psychology,118
2021-29382,Lewie Shury,2006-06-25,Graphic Design,Political Science,83
2021-44023,Philip Ensor,1999-09-14,Environmental Science,Political Science,135
2007-39382,Cyndie Beaudry,1983-05-23,Engineering,Sociology,173
2010-87120,Fania Calton,1989-04-15,Biology,Music,113
2014-52221,Lisbeth Hammant,1982-12-28,Sociology,Engineering,78
2023-23760,Idaline Stockdale,2004-11-12,Engineering,Sociology,39
2000-6280,Mirabella Tirrell,1991-10-20,Anthropology,Biology,87
2012-78489,Bernhard Kingcott,2001-07-29,Anthropology,Computer Science,176
2001-48250,Francyne McIlmurray,1985-12-10,Criminal Justice,Engineering,37
2013-10734,Theresa Da Costa,1988-03-28,Criminal Justice,Political Science,186
2020-41614,Thia Merrywether,2006-07-11,Biology,Music,54
2016-18735,Marleen Bernardotti,1999-05-02,Education,Business,160
2020-61120,Olivie Girdwood,1995-07-21,Graphic Design,Mathematics,1
2004-15016,Penrod Higginbottam,2000-11-19,Anthropology,Political Science,75
2004-73233,Bettye Aizlewood,1982-06-21,Anthropology,Engineering,194
2007-75266,Mortie Chatain,1985-08-20,Psychology,Computer Science,46
2011-62877,Parnell Restill,1987-12-12,Psychology,Biology,26
2011-64310,Katti Erie,1982-06-03,Mathematics,Computer Science,14
2017-70587,Damara McInally,1982-05-17,Computer Science,Psychology,182
2002-34547,Morgun Bougourd,2001-04-10,Art History,Mathematics,94
2022-26723,Austin Yabsley,2005-07-23,Political Science,Business,163
2024-34482,Phyllis Ferney,1992-01-12,Nursing,Sociology,11
2018-71303,Rolf Leak,1995-08-02,Nursing,Biology,148
2021-74503,Tania Jumont,1987-03-20,Art History,Art History,191
2021-81934,Koral Yancey,1999-08-16,Computer Science,Art History,169
2021-43059,Francklyn Grissett,1985-10-11,Sociology,Art History,95
2014-27243,Estrella Hedges,1993-09-07,History,Computer Science,177
2012-19800,Ashla Martill,1997-01-13,Graphic Design,Psychology,163
2002-19942,Sharlene Roxburch,1999-07-29,Graphic Design,Psychology,32
2012-73809,Garwin Waterdrinker,1986-03-13,Sociology,Political Science,12
2005-59738,Miles Crosthwaite,1991-02-12,English Literature,Mathematics,174
2009-22669,Nico Pinnigar,1994-11-26,Mathematics,Mathematics,126
2008-80298,Haskel Pople,1985-08-19,Music,Political Science,5
2013-63297,Rebe Bigby,1990-10-25,Music,Engineering,18
2010-10821,Aggy Conahy,1985-01-09,Mathematics,Engineering,1
2019-41487,Balduin Stoneman,1996-10-10,Education,Art History,58
2013-75598,Gian Handrick,1993-07-17,History,Political Science,149
2007-58312,Consolata Itzchaki,2002-10-10,English Literature,Computer Science,58
2022-51910,Roxie Cawthorn,1992-06-02,Sociology,Sociology,199
2018-25533,Kathlin Aicken,1995-12-13,Art History,Mathematics,108
2006-32729,Malia Frango,1989-10-10,Biology,Art History,153
2007-46128,Crystal Dametti,1986-06-24,Biology,Political Science,35
2001-78108,Ambrosius Phelips,2006-02-01,Sociology,Sociology,192
2005-63601,Jemima Potteridge,1997-06-19,Psychology,Psychology,17
2018-31116,Lindsay Nern,1986-08-24,History,Music,156
2003-31826,Yuri Polk,1984-06-30,Art History,Engineering,27
2019-92211,Louie Uppett,1989-05-13,Engineering,Music,78
2023-87438,Orlan Charnick,1997-06-03,Psychology,Political Science,52
2003-33551,Jorry Ramage,1999-01-20,Sociology,Biology,113
2021-72204,Leontine MacDearmont,1987-09-26,Political Science,Computer Science,75
2022-83796,Mack Vizard,1988-05-15,Marketing,Art History,22
2017-69962,Lyssa Kleinfeld,1997-10-26,Education,Biology,114
2009-86168,Chaddie Halson,2006-07-09,History,Engineering,196
2006-94405,Pierce Bugbird,2000-02-26,English Literature,Sociology,34
2021-87184,Wallis Emor,2000-02-23,Marketing,Sociology,78
2003-92279,Hardy Hanne,2000-06-24,Communications,Political Science,84
2007-87025,Kamila Sahlstrom,1989-10-13,Computer Science,Biology,115
2007-28002,Augustine Comberbach,1994-12-05,Sociology,Computer Science,46
2010-26207,Nicolis O'Corr,2005-08-09,English Literature,Music,200
2019-33013,Lavinia Wrench,1986-02-25,Sociology,Music,35
2024-56237,Candi Pardy,2001-06-28,Nursing,Computer Science,67
2013-58928,Scarface Diack,1987-03-31,Art History,Business,124
2001-45929,Hewet Scoon,1988-12-04,Music,Music,140
2000-66426,Caldwell Itskovitz,1994-06-27,Communications,Engineering,53
2002-65366,Carly Porkiss,1987-01-14,Business Administration,Business,59
2020-86314,Imogen Sholem,1995-05-21,Marketing,Sociology,3
2013-64988,Kerri Garthshore,1997-10-02,Computer Science,Political Science,154
2016-43318,Gus Stampe,1982-07-28,Engineering,Music,50
2013-48682,Biddie Neylon,2003-03-13,Marketing,Psychology,61
2021-34104,Idell Bowring,1991-12-22,Business Administration,Art History,34
2007-54758,Marchall Knappen,1991-04-01,Anthropology,Mathematics,84
2002-85353,Hazel Carette,1993-05-27,Criminal Justice,Engineering,111
2011-84227,Bobina Parramore,1982-01-07,Business Administration,Business,8
2005-34049,Steve Meharg,1986-03-13,Music,Music,152
2016-42268,Clemence Goudard,1992-04-16,Psychology,Biology,197
2023-44661,Mufinella Limeburner,1988-10-11,Computer Science,Engineering,128
2001-25728,Rafferty Halgarth,2003-11-27,Art History,Psychology,17
2015-37569,Amby Shorton,1986-06-26,Music,Business,172
2021-18592,Gregory Cavalier,1994-10-16,Political Science,Art History,60
2006-56740,Errol Ashwood,1983-04-21,History,Art History,36
2002-13131,Jaime Rundle,2001-07-30,Graphic Design,Art History,73
2006-95465,Kellsie Wathey,1984-09-04,Education,Biology,132
2017-18824,Viole Thelwll,1991-11-18,Education,Mathematics,130
2010-63494,Lotti Morey,2001-04-23,Business Administration,Computer Science,5
2012-12516,Morganica Brockelsby,2000-12-26,Graphic Design,Political Science,30
2011-88633,Daryle Matyashev,1999-02-24,Graphic Design,Business,91
2011-27383,Bernie Sends,1993-02-19,Mathematics,Business,191
2011-37118,Joete Khrishtafovich,1995-03-02,Mathematics,Business,145
2015-38817,Christie Dowtry,1997-04-29,Engineering,Mathematics,6
2005-39267,West Bowditch,1991-10-10,Art History,Mathematics,149
2007-28227,Dottie Reyson,1986-12-29,Graphic Design,Music,72
2007-22238,Welsh Littler,1990-07-06,Biology,Sociology,87
2007-71258,Eileen Summerton,1992-12-23,English Literature,Psychology,173
2015-49000,Camilla Sellens,1998-07-25,History,Psychology,32
2017-15100,Della Martine,1998-11-09,Criminal Justice,Biology,75
2014-14403,Wendie Dodimead,1983-07-10,Biology,Business,59
2021-50567,Christos Duthie,2002-05-21,Nursing,Art History,188
2011-48026,Ward Harmond,1992-07-31,Biology,Engineering,81
2024-33642,Aline Lubomirski,2001-09-15,Music,Engineering,77
2014-90156,Bondie Ickovic,1987-03-15,Education,Psychology,91
2005-32014,Hayward Cullivan,1996-04-06,Mathematics,Political Science,100
2001-24345,Hendrick Lesley,1987-01-08,Political Science,Business,140
2019-52030,Luciana Fenna,2005-06-05,Computer Science,Business,145
2003-74285,Randal Tipping,1983-07-24,Graphic Design,Mathematics,90
2000-52911,Fallon McAree,2000-08-29,Graphic Design,Political Science,64
2023-23822,Alexander Ayling,1985-05-31,Political Science,Business,92
2001-31396,Katusha Howels,2005-08-18,English Literature,Music,64
2022-98099,Gilemette Scarf,2003-07-29,Computer Science,Mathematics,145
2013-52116,Pernell Luto,1988-10-20,Environmental Science,Business,180
2021-17143,Bronson Viall,1988-08-20,Psychology,Biology,170
2020-20406,Claudette McMeeking,1997-08-06,Engineering,Sociology,197
2015-67790,Sterne Leinster,2004-09-09,Computer Science,Business,68
2023-13096,Carie Anear,1988-09-16,Political Science,Music,81
2022-92572,Dallon Bainbridge,2002-04-28,Business Administration,Psychology,68
2017-69270,Aubry Jeannin,1998-07-12,Nursing,Engineering,58
2021-33185,Bartholomew Pulford,1983-03-01,Environmental Science,Engineering,3
2020-59417,Trina Taplow,1997-12-26,Psychology,Psychology,75
2002-58639,Alphonse Coffelt,2003-11-13,Mathematics,Sociology,4
2009-13504,Peyter Tabard,1986-01-15,Engineering,Computer Science,86
2010-40850,Kristan Drugan,1986-11-30,Mathematics,Sociology,26
2001-41971,Ferd Scargill,2000-10-13,Mathematics,Political Science,144
2016-37436,Arlen De Anesy,2000-01-25,Anthropology,Engineering,53
2016-82108,Ellary Ludl,1982-01-27,Criminal Justice,Engineering,7
2018-91187,Garland Catonne,1992-05-29,Nursing,Sociology,30
2008-33490,Reina Batalle,1993-08-14,Graphic Design,Music,86
2013-41484,Belinda Kilban,1993-10-30,Nursing,Sociology,10
2024-60755,Robbi Paraman,1988-12-28,Graphic Design,Computer Science,154
2014-16215,Heidie Murton,1999-07-20,Criminal Justice,Computer Science,1
2020-58956,Felisha Reck,1996-09-12,Nursing,Mathematics,4
2023-26102,Noemi Samweyes,1986-12-30,Art History,Art History,179
2015-61256,Grant Clemonts,1992-04-06,History,Art History,53
2005-20657,Angelika Foxcroft,2006-10-31,Computer Science,Computer Science,137
2013-15229,Drucie Domange,1989-01-23,Marketing,Political Science,109
2021-39276,Elwyn O'Kennavain,1984-04-30,Computer Science,Psychology,29
2012-33787,Catlaina Swendell,2003-06-14,Mathematics,Biology,175
2016-61118,Christian Gleed,2003-09-24,Computer Science,Political Science,130
2002-80980,Geno Langcaster,1997-10-20,Psychology,Political Science,121
2001-25652,Shannan McBrady,2002-05-07,Criminal Justice,Psychology,73
2005-19531,Herrick Simkovich,1999-05-18,Political Science,Music,153
2001-27217,Alair Penman,1984-01-19,English Literature,Music,108
2016-42688,Rozella Runciman,2000-04-19,Environmental Science,Mathematics,97
2010-36481,Jodie Boissier,1995-10-05,Engineering,Business,29
2023-75701,Merill Guslon,1991-01-13,Communications,Mathematics,152
2009-75421,Honoria Pittson,1997-08-20,Music,Mathematics,66
2013-85607,Dionisio O'Hagerty,1983-09-27,History,Music,60
2008-56434,Reagan Ezele,1992-05-27,Art History,Biology,137
2020-82734,Charlotte L'Episcopi,1982-03-23,Engineering,Computer Science,137
2023-61786,Seymour Sigward,1996-01-01,Engineering,Sociology,97
2023-51069,Kasey Brudenell,1985-08-08,Marketing,Sociology,148
2009-98188,Daisey Pickaver,1999-11-28,History,Political Science,83
2010-74982,Claribel Paeckmeyer,2000-08-14,Marketing,Business,62
2014-12707,Bond Essel,1998-06-16,Nursing,Business,174
2005-36450,Ottilie Tolle,2006-05-04,Marketing,Biology,146
2021-20444,Meggy Beddows,1994-05-11,Sociology,Business,139
2008-40848,Bordie Warrender,2005-06-30,Anthropology,Computer Science,150
2007-21084,Bob Eddowes,2001-02-26,Environmental Science,Mathematics,170
2004-15336,Wildon O'Connor,2006-06-12,Music,Psychology,30
2020-44301,Falito Pitford,1996-09-25,Environmental Science,Business,186
2020-92076,Abba Garioch,1991-08-29,Art History,Engineering,3
2011-73409,Otis Johnston,1998-09-06,History,Music,167
2022-78832,Atalanta Barkworth,1999-07-21,Marketing,Business,53
2013-30738,Shawn Slott,2004-11-22,English Literature,Music,93
2003-49274,Zolly Causon,1987-12-05,Art History,Political Science,101
2012-15409,Lynnet Brick,2002-03-14,Anthropology,Engineering,165
2012-51368,Damiano Champness,2005-06-04,Environmental Science,Computer Science,61
2014-15046,Adrianna Thurlow,1991-10-11,Computer Science,Computer Science,104
2013-80414,Flo Cameli,1982-07-12,Art History,Sociology,8
2020-15079,Ginny Yellowlee,1994-09-20,Communications,Engineering,62
2012-80215,Vickie MacEnelly,1993-11-04,Art History,Computer Science,147
2014-83844,Morgen Gillian,1989-11-18,History,Business,60
2021-68430,Homere Swatman,2003-04-27,Criminal Justice,Art History,39
2022-21495,Raychel Chidley,1992-05-12,Engineering,Biology,179
2024-73509,Ernaline MacCole,1991-05-08,Environmental Science,Computer Science,72
2016-38943,Caty Calleja,1997-04-15,English Literature,Sociology,29
2012-54506,Arlen Monan,1987-04-24,Psychology,Mathematics,59
2003-47775,Ibrahim Kobsch,1985-10-21,Music,Sociology,11
2013-76153,Mohammed Ghiotto,1996-05-14,English Literature,Business,192
2020-59175,Tabbie Shoutt,1997-01-22,Art History,Sociology,16
2008-58471,Asher Toupe,1988-01-14,Anthropology,Art History,111
2020-27080,Marwin Enoksson,1989-03-27,Criminal Justice,Mathematics,101
2019-52215,Jeff Vivien,2003-07-03,Psychology,Psychology,101
2011-88813,Austin Dittson,1993-01-23,Communications,Computer Science,25
2016-82454,Horace Tomasutti,1984-08-10,Mathematics,Sociology,126
2000-22801,Lavinia Vogelein,1989-05-19,Anthropology,Engineering,31
2000-37809,Maison Gairdner,1991-05-22,Communications,Music,114
2024-19637,Floyd Huey,1993-05-13,English Literature,Art History,184
2021-55288,Cornela Heikkinen,1988-08-07,Sociology,Biology,196
2009-91894,Samson Chidgey,1988-09-20,Psychology,Mathematics,194
2015-64247,Peggi Cleeves,1998-08-27,History,Psychology,180
2001-39532,Kimbell Horstead,1995-12-28,Biology,Sociology,3
2003-66652,Torr Holbie,1993-06-28,Political Science,Psychology,14
2002-25842,Auberon Nucci,1992-12-01,Education,Sociology,14
2019-97808,Gibb Vassall,1994-02-14,Mathematics,Engineering,98
2020-48283,Reginald Clac,1988-11-05,Psychology,Sociology,71
2016-71159,Delila Brymner,1994-04-13,Music,Psychology,15
2019-43353,Ignazio Duffer,2004-04-18,Criminal Justice,Computer Science,194
2016-68112,Dennis Rzehorz,2000-08-13,Sociology,Political Science,148
2016-12702,Aube Rossbrook,1982-06-22,Psychology,Mathematics,182
2016-68317,Alan Ratcliff,1995-09-16,Communications,Mathematics,118
2018-82972,Terrel Pifford,1984-01-22,Environmental Science,Engineering,24
2014-80962,Thia McShane,2004-05-13,Engineering,Music,61
2021-71324,Moreen Dankov,2006-09-22,History,Biology,115
2006-12923,Kimmie Chasmar,2001-07-13,Biology,Art History,13
2007-44079,Randall Vamplew,1986-10-08,Engineering,Art History,40
2016-77063,Alexis Bletsor,2003-04-07,History,Art History,46
2019-42939,Babb Bosdet,1987-12-15,Engineering,Engineering,163
2010-17260,Annnora Lampkin,1982-01-04,Criminal Justice,Art History,110
2018-21103,Dolf Wildt,1994-02-03,Marketing,Engineering,29
2011-95476,Kennie Lewis,1987-12-03,English Literature,Political Science,196
2018-74591,Stefa MacAskill,1987-08-22,Criminal Justice,Engineering,160
2021-34675,Valentina Titchmarsh,1996-11-12,Psychology,Music,11
2019-67742,Tabbitha Pumphreys,1984-01-28,Communications,Political Science,120
2002-38392,Elvira Sawyer,2000-02-13,Environmental Science,Computer Science,98
2004-72925,Tracy Iannitti,2001-05-02,Business Administration,Mathematics,110
2004-93585,Tommi Mayes,1984-08-02,Political Science,Political Science,99
2018-20565,Leroi MacLaverty,2006-03-10,Graphic Design,Mathematics,117
2022-13230,Chaim Morde,1997-05-03,Graphic Design,Political Science,184
2003-51572,Johanna Corteis,2000-09-18,Nursing,Mathematics,107
2013-12952,Jolene Basini-Gazzi,1996-07-27,Graphic Design,Biology,27
2008-27263,Bennie Malek,2000-04-14,Sociology,Biology,184
2009-61509,Findlay Rayburn,1982-05-05,Psychology,Mathematics,177
2006-31354,Colene Scowcraft,2000-05-10,Environmental Science,Art History,83
2018-58979,Mady Bulcroft,1994-06-28,Computer Science,Biology,195
2001-57980,Bevin Butcher,1982-07-21,Communications,Psychology,139
2007-62709,Kiel Raynes,1989-01-11,Graphic Design,Mathematics,160
2010-72607,Glenda Angrove,1994-08-24,Environmental Science,Music,16
2024-27077,Franklin Briant,1988-06-26,Communications,Business,124
2015-68925,Benjamen Glede,1991-03-21,Criminal Justice,Biology,167
2011-96000,Sallee Laycock,1997-06-06,Marketing,Computer Science,57
2014-24368,Chelsy Castangia,1988-10-31,Graphic Design,Sociology,1
2014-56688,Justinn Conring,2002-11-30,Music,Art History,184
2009-93984,Griswold Currin,1983-12-27,Art History,Sociology,50
2007-55315,Alic Cheltnam,1999-11-19,Engineering,Psychology,69
2014-80523,Merline Imison,1991-01-21,Criminal Justice,Music,157
2018-48962,Gareth Feakins,2005-08-27,Criminal Justice,Sociology,110
2004-29009,Isabelle Swapp,1986-05-21,Psychology,Business,144
2023-78305,Lavina Shuttlewood,1987-03-30,Mathematics,Biology,9
2002-78456,Mano Akett,1986-08-24,Nursing,Computer Science,175
2001-12888,Noby Olyet,1987-08-03,Mathematics,Art History,91
2012-53677,Frasco Plumer,2003-11-14,English Literature,Engineering,200
2011-84066,Tarra Scutchin,2005-04-10,Biology,Mathematics,43
2018-48781,Aurelia Turford,1987-11-12,Political Science,Business,182
2011-97820,Jerry Kubatsch,1997-06-21,Mathematics,Business,195
2013-99447,Ernie Clamp,2003-02-01,Marketing,Mathematics,32
2021-75058,Roch Smartman,1999-11-28,Computer Science,Engineering,172
2022-27333,Beaufort Stranger,1996-01-16,Art History,Business,143
2011-60529,Thibaud Lavall,1987-04-13,Environmental Science,Computer Science,103
2001-93435,Aeriel Stinson,1986-08-19,Political Science,Art History,83
2003-29899,Arin Tynnan,2001-10-21,Education,Mathematics,182
2024-11505,Whitney McGerr,1985-02-04,Nursing,Psychology,138
2016-91518,Emili Tocque,2005-07-02,Political Science,Music,162
2016-61858,Andrea Profit,1991-02-05,Communications,Art History,155
2022-73363,Jeanette Fearney,1994-08-06,Engineering,Music,193
2007-48108,Aime Fuentez,1987-12-15,Criminal Justice,Mathematics,84
2009-59006,Charleen Rennebeck,1989-04-25,Anthropology,Music,117
2022-70618,Nolly Parr,1988-09-27,Music,Business,36
2013-49517,Pacorro Moralee,2000-09-20,Sociology,Political Science,79
2017-42423,Guenna Creber,1986-03-16,History,Computer Science,42
2017-48879,Eyde Lambertazzi,1993-02-05,History,Biology,58
2018-15406,Fraze Lovett,1995-03-13,Marketing,Political Science,72
2001-74853,Hayyim Sher,1995-07-09,English Literature,Engineering,26
2006-19574,Henka Vescovini,1983-09-17,Anthropology,Engineering,164
2003-14607,Almira Ioan,2002-12-12,Graphic Design,Sociology,62
2003-31813,Nora Anthona,1988-09-02,Art History,Music,81
2014-71717,Yorke Luscombe,2006-06-27,History,Computer Science,133
2009-41833,Corly Eubank,1986-08-05,History,Art History,31
2021-47626,Carine Bamford,1986-08-11,Communications,Business,82
2012-18500,Ronald Jansky,1988-05-05,English Literature,Music,195
2005-86826,Wilma Benka,2003-11-06,Graphic Design,Business,118
2010-44930,Daryle McConville,1996-05-21,Nursing,Sociology,47
2001-19900,Rosaleen Minchella,1993-02-18,Communications,Business,173
2024-58627,Krystle Tames,2005-04-26,Computer Science,Biology,155
2022-51009,Fidole Creeboe,1986-10-13,Computer Science,Business,178
2003-15949,Teodorico Goschalk,2001-07-26,Education,Psychology,103
2003-87146,Gertie Stoeckle,1990-03-16,Political Science,Sociology,77
2018-45480,Noelani Butland,1992-04-14,English Literature,Mathematics,171
2000-29542,Ingmar Spilisy,1998-04-13,Communications,Art History,83
2006-55342,Archaimbaud Larmouth,1992-05-18,Sociology,Biology,132
2007-64104,Carmel Rayhill,1982-04-17,Mathematics,Business,82
2004-38701,Charles Dicke,1987-12-16,Communications,Business,124
2007-32950,Polly Pickerell,1989-07-26,Graphic Design,Business,118
2007-84492,Dolly Battleson,1999-04-12,Sociology,Political Science,155
2015-42915,Hogan Coning,2003-11-04,Music,Music,74
2001-24705,Balduin Toretta,1984-06-27,Mathematics,Biology,124
2010-65333,Mariel Lecointe,1997-05-11,Business Administration,Political Science,99
2018-72210,Tabby Scintsbury,2002-10-15,Mathematics,Biology,147
2001-57894,Berri Rosle,1984-03-28,Business Administration,Sociology,65
2010-63070,Vikki Tiley,1995-07-15,Psychology,Sociology,92
2004-11426,Ashbey Doubleday,2005-09-16,Nursing,Psychology,77
2005-75600,Leslie Goly,1999-12-05,Sociology,Business,190
2001-55831,Geno Reisenstein,1987-02-10,Sociology,Mathematics,24
2010-66441,Tildi Yonnie,1982-12-30,English Literature,Mathematics,65
2024-64000,Heddi Drew,1997-07-11,English Literature,Engineering,154
2016-32794,Duane Chiese,1985-04-19,Music,Art History,117
2012-61407,Ethel Quennell,1995-01-22,Mathematics,Sociology,19
2007-46802,Jordan Koop,1998-10-26,Anthropology,Sociology,149
2017-33907,Godart Josipovitz,1985-07-03,Environmental Science,Computer Science,109
2003-97024,Alis Hannibal,2005-03-25,Sociology,Computer Science,82
2004-98857,Prentiss Bonelle,1989-03-17,Engineering,Business,52
2016-70942,Emyle Froggatt,2001-02-22,Art History,Sociology,136
2010-27460,Clifford Curwood,1995-10-17,Criminal Justice,Biology,188
2013-25784,Karita Leete,1996-07-21,Business Administration,Music,152
2000-78406,Sigismond Garstang,1993-10-15,Computer Science,Art History,118
2013-87422,Gardner Quinnelly,2001-02-26,Nursing,Engineering,185
2013-61409,Delores Sherrott,2000-12-16,English Literature,Psychology,47
2011-53819,Duky Shute,2002-01-15,Anthropology,Music,77
2001-42860,Marissa Stogill,1998-11-01,Computer Science,Music,89
2020-40071,Katya Avrahamoff,1988-05-23,Mathematics,Art History,25
2012-93292,Malcolm Lewtey,1993-12-04,Criminal Justice,Engineering,174
2024-21048,Kathrine Weavers,2004-04-02,Political Science,Mathematics,36
2011-15071,Marja Cullagh,1989-11-24,Environmental Science,Business,24
2012-92519,Denyse Eltringham,1991-05-15,Marketing,Business,171
2012-75866,Dee dee Izak,1986-06-26,Marketing,Psychology,57
2000-22226,Nady Clutton,1990-02-13,Nursing,Political Science,131
2004-10399,Winona Mangan,2005-05-18,Computer Science,Music,25
2015-31415,Peadar Lotterington,2002-04-11,Engineering,Sociology,73
2005-45628,Marshal Willmore,2001-02-19,Business Administration,Psychology,91
2013-49420,Emmalyn Slym,2002-02-09,Psychology,Psychology,24
2008-98211,Bronny Womersley,1988-03-05,Computer Science,Art History,14
2013-85881,Ajay Gimblet,1994-06-24,Business Administration,Biology,144
2015-96846,Evvie Landes,2001-07-19,English Literature,Sociology,156
2018-83318,Baudoin Dowsing,2002-05-13,Political Science,Business,62
2021-20064,Teri Ghidini,1997-01-24,Marketing,Psychology,198
2018-33920,Vickie Batty,1997-10-11,Environmental Science,Engineering,65
2009-14305,Merrily Barney,1999-10-16,Engineering,Sociology,177
2024-32110,Shae Ranvoise,1998-10-08,Communications,Engineering,94
2021-68754,Micki Castanie,1999-03-13,Environmental Science,Music,83
2003-59663,Wynn Tringham,1986-09-12,English Literature,Political Science,197
2014-82636,Cory Hassard,1999-07-01,Criminal Justice,Political Science,133
2001-17706,Sapphire Floodgate,1998-06-11,Art History,Psychology,64
2002-56787,Jean Nyland,2001-08-29,Biology,Sociology,75
2019-41688,Hagan Bennitt,1999-01-06,Criminal Justice,Art History,124
2018-92190,Roanne Phlipon,1986-05-31,Education,Biology,16
2006-38624,Filberto Satterlee,2006-05-24,Psychology,Art History,131
2006-97262,Ralf Sudran,1990-07-08,Nursing,Engineering,90
2023-31870,Garrott Prigg,1991-12-20,Psychology,Biology,142
2003-47074,Morley Drowsfield,2005-09-25,Mathematics,Music,82
2004-44919,Bryn Paunsford,1988-05-30,Criminal Justice,Art History,22
2011-34341,Wiley Gummory,1992-12-12,Biology,Political Science,155
2016-68256,Shoshana Brice,1990-04-15,Criminal Justice,Business,116
2001-93313,Lydon Turley,1987-11-15,Engineering,Sociology,132
2021-10675,Karin Lanfer,1990-04-04,Anthropology,Psychology,140
2004-42296,Chane Skeene,2001-12-29,Sociology,Computer Science,97
2021-64867,Claudie Melly,1991-05-20,Education,Computer Science,146
2014-27755,Vance Trevascus,1984-12-11,Graphic Design,Art History,49
2003-34370,Holli Laurencot,2004-07-23,Graphic Design,Psychology,122
2019-57442,Em Kupis,1985-03-04,History,Engineering,127
2008-43967,Sammie Klosterman,1983-05-02,Marketing,Psychology,103
2023-94201,Chevalier Johnston,2004-10-18,Computer Science,Music,51
2006-76630,Wini Niessen,1999-03-27,Communications,Mathematics,132
2012-97644,Sarina Torrent,1996-07-05,English Literature,Business,32
2000-26859,Nils Leonarde,1985-12-06,History,Biology,100
2004-45442,Polly Tilly,1985-04-20,Criminal Justice,Computer Science,142
2007-53299,Cal Sugarman,1997-02-16,Political Science,Mathematics,72
2014-13211,Noami Dows,2005-09-16,Graphic Design,Engineering,158
2014-49110,Shea MacArthur,1992-09-29,Computer Science,Sociology,111
2021-19979,Lulita Teasey,1991-03-18,Business Administration,Business,192
2011-41882,Lari MacKenney,1985-05-16,Computer Science,Art History,51
2014-12967,Nikolas Duggleby,1996-08-25,History,Computer Science,31
2000-74958,Bald Chaytor,2000-05-14,Anthropology,Computer Science,200
2017-34919,Hilda Blaszkiewicz,1986-12-02,Anthropology,Computer Science,46
2021-96188,Kandy Lipsett,1991-02-09,Political Science,Political Science,60
2015-22724,Gerek Serjent,1987-04-25,Music,Engineering,164
2001-18912,Alfie Spaule,2005-03-15,Engineering,Art History,193
2008-61934,Silvan Winchester,1982-12-10,Nursing,Music,179
2013-89042,Mimi Brendel,1997-05-29,Marketing,Computer Science,117
2001-99034,Loralee Belden,1985-07-23,Computer Science,Art History,86
2006-45684,Anestassia Bolles,1996-07-01,Environmental Science,Psychology,179
2008-97988,Kandy Vince,1995-07-21,Communications,Engineering,165
2011-91164,Prescott Snowsill,2001-04-12,Marketing,Music,111
2007-95764,Cal Connichie,1986-03-04,Engineering,Sociology,38
2015-53404,Gale Cornau,1993-01-06,Nursing,Art History,37
2007-66449,Mia Waiton,1983-06-15,Environmental Science,Sociology,105
2007-48489,Sibylla Gieraths,2006-06-12,Criminal Justice,Biology,59
2014-13665,Guillermo Ingle,1983-06-02,Sociology,Mathematics,169
2001-40935,Jilly Creffield,2001-07-26,Engineering,Engineering,6
2011-26892,Sly Nelthorpe,1991-10-06,Anthropology,Music,92
2012-44159,Yank Sirkett,1991-06-24,Business Administration,Computer Science,15
2011-51344,Ammamaria Lanyon,1999-12-21,English Literature,Business,100
2020-86997,Isadore Rack,1990-06-30,Art History,Biology,156
2006-34157,Max Rooson,1990-12-30,Psychology,Biology,148
2007-79060,Lonnard Okill,1986-09-24,Art History,Engineering,122
2002-53972,Clarance Epp,1993-09-11,Education,Computer Science,190
2013-96966,Randy De Nisco,1982-08-02,Nursing,Mathematics,71
2007-63798,Olivero Buesden,1989-01-27,Education,Computer Science,41
2009-85863,Tanney Oles,1996-10-06,Anthropology,Business,102
2016-79057,Armand Anstiss,1991-07-04,Nursing,Biology,20
2000-47413,Annissa Vany,1997-05-14,Criminal Justice,Political Science,127
2001-75932,Christean Grinyer,1999-04-15,Sociology,Biology,93
2013-78611,Jelene Brewis,1999-03-03,Mathematics,Sociology,9
2008-21802,Garey Rivenzon,1990-10-27,Education,Music,38
2016-83128,Valentino Trever,1999-03-17,Education,Mathematics,29
2001-97751,Juliana Balasini,1986-01-21,Computer Science,Art History,66
2000-57738,Leif Trounson,2005-08-02,Sociology,Psychology,6
2001-77750,Cele Clyma,1993-06-26,Mathematics,Psychology,200
2018-20943,Edwin McCutheon,1995-09-12,Sociology,Psychology,26
2015-28459,Jenica Newbigging,1986-11-18,Environmental Science,Engineering,18
2002-44031,Robby Mohamed,1997-09-11,Graphic Design,Sociology,149
2006-55017,Lotte Anselmi,1983-04-27,Sociology,Engineering,104
2021-79944,Odo Castenda,1987-05-30,Psychology,Mathematics,156
2023-46216,Cathrin Elvins,1992-11-18,Communications,Political Science,127
2000-10480,Hamnet Krug,2001-10-24,Education,Political Science,9
2005-38046,Lynelle Hagergham,1982-07-27,Business Administration,Sociology,7
2010-91387,Link Flute,2003-11-25,Anthropology,Music,171
2006-18730,Meggi Bootman,2006-09-20,Engineering,Engineering,139
2000-24624,Karlens Odcroft,1997-07-18,English Literature,Business,156
2019-22552,Ki Ruselin,1999-04-24,History,Political Science,91
2012-10844,Tymothy Tousey,1985-01-10,Criminal Justice,Mathematics,105
2005-81150,Cherrita Plain,1985-12-11,Environmental Science,Sociology,95
2011-70392,Davina Huie,1986-11-03,Mathematics,Engineering,49
2014-10233,Bren Trinkwon,1992-01-25,Psychology,Engineering,158
2007-63391,Thomas Gazzard,1990-01-01,Biology,Sociology,101
2016-53401,Warren Cardoo,2003-01-30,Sociology,Sociology,149
2008-96526,Malinda Heasman,1985-07-06,Psychology,Music,98
2019-95421,Sampson Grzegorczyk,1982-04-01,Mathematics,Engineering,169
2000-82133,Julianna Bravey,2001-11-21,Art History,Business,196
2012-90814,Christal Emanueli,1997-10-13,Marketing,Biology,20
2006-47789,Fan Wagerfield,1984-08-05,Anthropology,Engineering,150
2018-95276,Harald Colquyte,1997-04-18,Psychology,Political Science,56
2014-91019,Hilary Wolverson,1996-03-28,Sociology,Engineering,8
2002-59900,Sallyanne Buncher,2004-03-10,English Literature,Political Science,48
2006-11999,Halsey Farnsworth,1999-07-17,Graphic Design,Psychology,196
2013-10326,Micaela Bleackly,1982-03-18,Anthropology,Music,75
2010-69100,Nicolis Olivia,1989-10-19,Communications,Political Science,79
2018-82426,Chase Kemmis,1997-12-14,Sociology,Business,10
2006-59679,Windham Simkovitz,1999-05-20,Graphic Design,Engineering,111
2022-36420,Colin Linguard,1996-03-18,Biology,Art History,99
2012-98713,Barnabas Crayden,1989-03-16,Nursing,Biology,4
2017-63622,Rubia Tremouille,1989-04-29,Anthropology,Art History,34
2015-40396,Terrie Lawford,2005-04-07,Communications,Business,42
2004-49736,Jeanna Jeandeau,1984-06-03,Music,Biology,78
2015-62751,Sal Jardine,1994-09-26,English Literature,Sociology,171
2013-95091,Krysta Burdytt,2006-05-29,Psychology,Engineering,185
2017-19172,Rochell Perott,2002-01-17,Computer Science,Mathematics,34
2005-85623,Lindy Greensted,2001-01-31,Business Administration,Sociology,129
2009-63673,Archaimbaud Chinge,1984-03-28,Business Administration,Music,47
2018-11396,Far O'Hegertie,1997-12-25,English Literature,Political Science,110
2013-90283,Saundra Guillerman,1991-11-27,Business Administration,Music,7
2014-56749,Brien Ledwitch,2003-09-17,Mathematics,Art History,114
2023-63460,Ulrika Wallbrook,1991-08-06,Anthropology,Business,30
2010-31878,Ash Fern,1993-08-12,History,Music,172
2012-26562,Norina Robbe,1984-07-26,Business Administration,Music,168
2009-84626,Smitty Fawdry,2006-11-07,Environmental Science,Engineering,133
2022-92141,Dulcia Scolts,2000-05-20,Environmental Science,Biology,138
2023-74803,Liva Beathem,1986-11-30,Communications,Computer Science,121
2024-36177,Darcy Spellsworth,1996-06-19,Computer Science,Sociology,163
2001-92460,Raine Kerford,2001-03-24,Nursing,Biology,108
2002-76017,Maurise Starking,2001-07-31,Engineering,Music,85
2000-68492,Tommie Jimpson,1989-08-07,Anthropology,Sociology,105
2003-18671,Mercedes Bampfield,1997-02-09,Psychology,Biology,54
2002-23908,Kerrin Abelovitz,2001-09-10,Graphic Design,Business,132
2009-40283,Dyane Cambridge,2000-10-05,Environmental Science,Art History,34
2016-64899,Scarface Ghiraldi,1987-12-02,Mathematics,Computer Science,191
2010-85043,Gonzalo Colebrook,1999-07-07,English Literature,Political Science,172
2004-62218,Allyn Witheford,1999-07-18,Nursing,Sociology,93
2018-79528,Ruby Matyas,1993-10-20,Marketing,Music,108
2004-98437,Wynne Ellph,2005-05-20,English Literature,Business,135
2006-96704,Ardath Waterstone,1992-04-17,Anthropology,Political Science,124
2004-84665,Hewe Ladewig,1995-10-18,Engineering,Computer Science,138
2013-30500,Jamie Lebreton,2002-03-24,Environmental Science,Biology,19
2013-49258,Cherrita Mulvagh,1993-10-22,Business Administration,Psychology,168
2015-62466,Bird Sambrok,1982-09-13,Environmental Science,Art History,91
2000-54853,Constantino Ickowicz,1989-09-15,Business Administration,Mathematics,153
2019-93679,Vitia Elizabeth,2000-08-16,Nursing,Political Science,34
2001-92201,Kamila Spoor,1999-09-13,Engineering,Sociology,38
2002-30535,Colan Bascomb,2001-10-11,Business Administration,Engineering,180
2014-63060,Wilhelm Thirwell,1996-11-13,Political Science,Music,196
2002-33374,Debby Petranek,1984-12-13,Communications,Music,198
2023-29812,Lindsay Polet,1986-08-12,Engineering,Mathematics,52
2005-38860,Grover Kleinstein,2001-10-17,Environmental Science,Music,75
2002-68147,Sascha Whiten,1993-12-28,Engineering,Computer Science,33
2021-55918,Temp Whelpdale,2002-02-12,English Literature,Computer Science,122
2011-55543,Euphemia Walewski,1988-12-23,Criminal Justice,Business,40
2017-61279,Ivonne Dannett,1998-09-23,Computer Science,Art History,137
2010-86419,Annetta Forst,2005-03-23,Political Science,Business,127
2006-34748,Constantine Hebblethwaite,1995-01-09,Communications,Art History,178
2013-93655,Davey Figg,1988-01-24,Nursing,Biology,196
2006-37780,Nichol Febry,1999-07-12,Engineering,Mathematics,21
2016-94808,Breanne Blancowe,2003-11-08,Education,Music,132
2000-22804,Kizzie Lovie,1994-11-27,Environmental Science,Computer Science,20
2004-35320,Lisle McAllan,1994-12-31,Education,Sociology,27
2011-75992,Yves Siderfin,1989-02-23,Biology,Psychology,148
2021-77089,Adrian Capoun,1986-03-22,Criminal Justice,Business,104
2014-34638,Erny Rowet,1989-10-28,Psychology,Biology,154
2022-45300,Caldwell McIntosh,1994-06-28,History,Political Science,147
2007-75987,Nataniel Garbutt,1988-04-08,Psychology,Art History,189
2019-61220,Raynor Bungey,1992-08-02,Political Science,Engineering,190
2012-25649,Benny Brake,1995-04-06,Communications,Biology,86
2009-78226,Abramo Peterken,1988-09-28,Marketing,Mathematics,33
2024-49967,Gram Casely,1996-02-03,Marketing,Biology,60
2017-99639,Brandy Ainge,1987-04-07,Psychology,Art History,89
2018-38088,Indira Sheircliffe,1993-05-22,Art History,Engineering,96
2015-43510,Rosalie McElvine,1983-12-27,Biology,Mathematics,165
2024-73885,Cecil Galgey,2004-12-02,Sociology,Music,92
2014-29004,Lexine Lethibridge,1992-11-19,English Literature,Computer Science,189
2006-66530,Sammie Van der Kruys,1988-05-25,History,Psychology,194
2004-12487,Tore Ridde,1990-07-22,Biology,Psychology,102
2018-52576,Whitby Paget,1982-12-09,Criminal Justice,Biology,152
2021-25312,Elisabet Woolmington,2003-02-08,Nursing,Music,177
2010-14865,Grace Gossage,2005-06-11,Mathematics,Biology,23
2012-94594,Sher MacCallester,1985-01-09,Education,Computer Science,111
2015-26237,Wendi Jenken,2003-02-28,Sociology,Music,194
2006-90619,Noam Northing,1987-01-10,Graphic Design,Music,156
2007-38349,Sharla Cartan,1986-12-02,Psychology,Mathematics,83
2021-26400,Herold Beynke,1982-06-27,Environmental Science,Psychology,88
2016-15592,Bastian Swyn,1998-08-19,Anthropology,Computer Science,153
2004-92843,Blake Dincke,1992-05-06,Music,Biology,132
2018-63735,Madelene Tschierasche,2003-02-06,Communications,Sociology,32
2001-28218,Philip Wilse,1993-04-23,Marketing,Engineering,196
2018-97758,Millicent Riddick,1991-05-14,History,Mathematics,125
2012-15905,Denis Dearan,1991-07-21,Sociology,Political Science,197
2007-61539,Irvin Lowsely,1994-09-01,Mathematics,Music,66
2008-54023,Kayne Toun,1988-01-26,Sociology,Psychology,198
2000-73317,Ayn Stovold,2001-12-06,Criminal Justice,Art History,118
2007-10776,Fredrick Liddy,1986-10-07,Graphic Design,Computer Science,94
2016-57236,Rick Guerrin,1995-06-30,Education,Mathematics,38
2006-32260,Glenn McClure,2005-07-22,Marketing,Art History,43
2014-62046,Erich Fonso,2002-09-02,Biology,Political Science,194
2001-65701,Henka Bea,2006-07-23,Art History,Music,5
2012-25317,Marnia Lermouth,1999-11-14,Business Administration,Psychology,200
2022-96934,Minerva Splevin,2000-03-24,Mathematics,Music,22
2017-72358,Lyda Brantl,1993-03-29,Biology,Engineering,172
2005-35980,Alick McLuckie,2005-11-27,Criminal Justice,Biology,96
2005-12722,Shay Filippucci,2005-09-09,Psychology,Sociology,28
2015-25283,Julian Cranage,1997-02-02,Environmental Science,Sociology,148
2016-58625,Mariya O'Suaird,1993-06-25,Nursing,Mathematics,131
2011-74657,Peirce Smidmor,1988-10-16,Biology,Art History,35
2012-91982,Pier Morris,2001-05-31,Political Science,Mathematics,26
2013-75989,Candide Paulat,1989-02-19,Mathematics,Mathematics,122
2018-59628,Gavrielle Witham,1991-12-10,Political Science,Business,140
2013-24411,Corny Biagioni,1993-11-25,Anthropology,Computer Science,48
2000-19100,Nickolai Collie,1989-05-11,Marketing,Music,46
2019-60014,Kamila Tipperton,2000-07-01,Political Science,Mathematics,105
2008-99643,Julio Hartin,1990-08-30,Communications,Sociology,57
2022-97195,Jody Stoggell,1985-11-29,Anthropology,Music,160
2023-67320,Melva Kent,1998-02-23,Business Administration,Computer Science,142
2019-96124,Annamarie Conisbee,2004-07-04,Political Science,Music,150
2007-71590,Kim Stollsteimer,1983-08-10,Nursing,Mathematics,175
2003-28419,Con Criag,1986-07-25,Psychology,Engineering,38
2006-32036,Naoma Scowcroft,1984-08-30,Mathematics,Political Science,163
2014-73455,Ivonne Yanson,1987-09-14,Nursing,Music,181
2011-55092,Lemar Kelson,1990-02-21,English Literature,Music,91
2018-39934,Corina Munning,1992-11-17,History,Psychology,138
2007-46614,Ninette Drewell,1988-12-14,Education,Biology,31
2020-51630,Shani Greengrass,2000-08-21,Political Science,Business,33
2014-46457,Kimmie Duncan,1993-08-14,Education,Music,140
2009-48895,Shena Munt,1986-03-01,Psychology,Psychology,62
2015-42747,Brunhilde Gulston,1992-08-27,Computer Science,Political Science,53
2015-63311,Simonne Langmaid,1982-07-30,Art History,Music,160
2004-79507,Nickolai Barthot,2000-01-09,Environmental Science,Art History,130
2012-80534,Fannie Gier,2005-10-31,Business Administration,Art History,9
2001-54172,Neil Parkisson,1994-05-13,Mathematics,Music,133
2000-39783,Freda Oluwatoyin,1992-01-10,Anthropology,Music,82
2020-27506,Cherie Helin,1994-03-18,Engineering,Music,142
2014-89503,Farleigh Mannix,1997-11-21,Music,Engineering,171
2021-66350,Roseann Camoys,1994-08-28,Graphic Design,Mathematics,62
2002-47054,Torrin Ginnety,1995-10-02,Sociology,Art History,1
2002-53418,Gregorius Faull,2003-06-12,Psychology,Computer Science,172
2016-12423,Moritz Morat,2003-01-30,Education,Art History,155
2021-81207,Wilbert Moulster,2006-10-19,Marketing,Art History,63
2011-68734,Benita Flement,1989-06-02,Political Science,Psychology,121
2008-47653,Cornelius Lillee,1998-12-24,Art History,Psychology,132
2008-69442,Robinetta Wennam,1985-08-13,Music,Music,46
2017-37485,Noll Arnaudi,2006-10-03,Sociology,Sociology,58
2003-41230,Brockie Bailes,2005-04-07,Psychology,Music,138
