StudNo,Description,Action,DateFiled,DateResolved
2000-25734,Benefits of using the software,approved,2000-08-27,2003-12-12
2022-72656,Benefits of using the software,noted,2020-02-02,2022-04-08
2000-28341,Overview of the event,disapproved,2022-05-03,2021-10-11
2006-57804,Overview of the event,disapproved,2006-04-25,2022-08-15
2013-13685,Detailed description of the product,resolved,2015-10-14,2019-10-07
2013-37280,Overview of the event,disapproved,2008-01-04,2018-02-21
2012-68116,Description of the project goals,disapproved,2023-09-25,2007-04-04
2014-65236,Detailed description of the product,resolved,2024-06-11,2002-06-28
2019-77738,Description of the project goals,approved,2013-06-16,2019-10-30
2009-49924,Overview of the event,approved,2006-10-25,2020-07-26
2018-98102,Benefits of using the software,resolved,2024-09-24,2019-12-02
2016-96266,Overview of the event,disapproved,2015-11-15,2005-02-07
2006-27514,Description of the project goals,resolved,2023-01-04,2012-01-07
2018-35417,Detailed description of the product,resolved,2008-03-25,2019-04-28
2013-25300,Overview of the event,resolved,2009-12-23,2019-10-25
2004-67994,Exciting features of the service,filed,2023-10-27,2021-03-16
2011-16228,Description of the project goals,resolved,2017-07-18,2003-07-17
2015-63399,Overview of the event,noted,2006-01-13,2002-08-29
2004-29855,Overview of the event,disapproved,2024-09-07,2023-03-25
2003-81876,Detailed description of the product,disapproved,2002-08-27,2000-07-25
2009-60035,Detailed description of the product,approved,2000-11-25,2020-07-17
2021-36220,Description of the project goals,resolved,2012-02-20,2003-05-02
2008-70987,Benefits of using the software,approved,2004-08-30,2013-03-06
2003-91061,Benefits of using the software,resolved,2003-10-28,2004-09-06
2014-1670,Benefits of using the software,disapproved,2021-08-05,2021-07-30
2019-65724,Exciting features of the service,resolved,2005-06-17,2003-03-30
2021-30187,Benefits of using the software,disapproved,2003-10-30,2004-08-28
2021-45575,Overview of the event,noted,2007-01-24,2000-06-24
2005-98300,Detailed description of the product,filed,2013-04-03,2005-12-04
2003-31448,Detailed description of the product,noted,2011-03-12,2014-05-07
2011-65957,Exciting features of the service,disapproved,2022-08-12,2020-08-13
2014-17091,Exciting features of the service,disapproved,2005-10-03,2021-12-04
2018-47726,Detailed description of the product,filed,2014-07-16,2002-05-18
2009-45776,Detailed description of the product,filed,2012-04-20,2018-12-17
2022-72406,Detailed description of the product,resolved,2012-08-13,2000-03-14
2021-29202,Benefits of using the software,resolved,2013-01-28,2019-05-28
2013-36915,Overview of the event,disapproved,2008-11-24,2007-04-13
2023-83788,Description of the project goals,filed,2019-01-25,2015-06-20
2007-97014,Exciting features of the service,disapproved,2022-04-22,2020-05-17
2021-71007,Exciting features of the service,noted,2014-12-03,2017-05-11
2010-49824,Overview of the event,resolved,2022-01-21,2006-05-01
2011-86485,Exciting features of the service,noted,2011-08-30,2001-03-06
2005-31733,Benefits of using the software,filed,2017-01-01,2008-03-12
2021-80967,Overview of the event,noted,2005-12-05,2019-03-06
2009-22347,Description of the project goals,disapproved,2006-02-01,2014-12-14
2004-51310,Overview of the event,approved,2020-08-16,2021-07-26
2014-44972,Description of the project goals,disapproved,2018-04-12,2022-06-11
2003-26723,Overview of the event,disapproved,2023-01-06,2018-07-31
2006-82868,Exciting features of the service,approved,2022-01-16,2014-05-17
2000-57614,Overview of the event,resolved,2001-09-29,2018-10-31
2010-38164,Benefits of using the software,noted,2013-06-26,2002-06-30
2019-42930,Description of the project goals,filed,2007-08-06,2012-05-11
2012-4320,Detailed description of the product,noted,2021-10-17,2006-04-06
2022-57575,Overview of the event,filed,2007-10-13,2001-04-26
2018-98248,Description of the project goals,approved,2002-03-27,2005-12-19
2023-62990,Exciting features of the service,approved,2006-06-01,2009-09-29
2002-58216,Description of the project goals,resolved,2023-01-09,2005-04-20
2023-21437,Detailed description of the product,filed,2023-07-30,2017-04-10
2007-87973,Overview of the event,resolved,2021-11-20,2010-06-19
2012-67616,Benefits of using the software,noted,2020-04-29,2005-03-20
2019-69440,Description of the project goals,approved,2019-12-03,2013-08-26
2019-69760,Overview of the event,resolved,2008-06-22,2020-06-15
2009-22842,Exciting features of the service,resolved,2014-02-23,2005-10-25
2001-11578,Description of the project goals,resolved,2000-10-04,2019-08-31
2004-18787,Overview of the event,resolved,2006-09-29,2018-05-18
2003-44387,Description of the project goals,disapproved,2000-07-02,2005-01-05
2013-88347,Exciting features of the service,approved,2002-09-03,2020-09-25
2008-66908,Exciting features of the service,filed,2024-07-16,2021-09-04
2004-76465,Exciting features of the service,noted,2020-08-07,2004-09-01
2000-69964,Detailed description of the product,resolved,2003-07-14,2002-10-26
2007-80754,Overview of the event,disapproved,2005-10-26,2004-12-06
2018-77556,Description of the project goals,filed,2013-09-02,2021-05-12
2018-66730,Benefits of using the software,disapproved,2019-09-21,2019-11-10
2020-57553,Detailed description of the product,noted,2012-04-13,2011-09-05
2006-74701,Overview of the event,noted,2012-01-15,2002-10-29
2001-26101,Exciting features of the service,resolved,2013-04-20,2015-05-03
2009-75900,Detailed description of the product,noted,2018-08-03,2018-01-15
2024-43962,Benefits of using the software,resolved,2010-08-24,2005-06-28
2017-14225,Detailed description of the product,approved,2006-01-30,2023-12-30
2016-72255,Detailed description of the product,resolved,2010-04-15,2008-09-02
2005-59761,Benefits of using the software,noted,2021-10-30,2013-01-16
2020-59664,Benefits of using the software,filed,2006-05-30,2008-09-26
2011-86900,Exciting features of the service,noted,2009-06-22,2020-09-15
2006-94343,Benefits of using the software,noted,2023-11-29,2005-05-18
2024-84375,Description of the project goals,noted,2007-04-26,2006-12-29
2006-16352,Overview of the event,filed,2008-11-29,2022-02-07
2000-33183,Overview of the event,noted,2011-09-17,2010-05-10
2002-37902,Detailed description of the product,disapproved,2002-12-02,2000-08-05
2008-51197,Overview of the event,resolved,2005-09-22,2013-09-29
2021-99081,Overview of the event,disapproved,2004-04-22,2009-05-05
2012-50257,Overview of the event,resolved,2014-06-29,2005-12-29
2007-61202,Overview of the event,resolved,2018-03-19,2016-07-31
2019-18933,Detailed description of the product,disapproved,2012-01-17,2014-09-10
2007-34807,Overview of the event,disapproved,2008-09-11,2024-05-04
2009-55859,Detailed description of the product,filed,2013-01-20,2016-07-07
2006-46747,Overview of the event,disapproved,2014-06-06,2004-03-09
2004-49907,Description of the project goals,approved,2006-05-01,2002-03-02
2010-10073,Overview of the event,approved,2009-09-07,2017-12-11
2003-76386,Overview of the event,filed,2013-08-23,2018-11-15
2018-85678,Description of the project goals,filed,2021-11-12,2001-09-09
2014-43272,Detailed description of the product,approved,2002-01-09,2007-07-08
2008-18099,Overview of the event,approved,2000-08-14,2007-09-09
2020-70810,Overview of the event,filed,2000-01-25,2014-12-16
2022-56353,Exciting features of the service,resolved,2004-01-15,2016-06-24
2002-26405,Benefits of using the software,resolved,2002-05-24,2016-07-07
2014-28718,Exciting features of the service,filed,2006-02-01,2014-09-26
2010-11511,Detailed description of the product,disapproved,2005-07-03,2009-05-19
2021-42000,Benefits of using the software,filed,2017-06-03,2003-11-15
2004-59411,Detailed description of the product,filed,2018-03-01,2023-02-06
2015-84996,Description of the project goals,noted,2012-08-05,2023-05-29
2008-68100,Benefits of using the software,resolved,2018-06-28,2022-03-08
2012-59228,Benefits of using the software,resolved,2021-01-31,2009-09-04
2016-50520,Benefits of using the software,disapproved,2008-12-08,2013-10-13
2009-64143,Detailed description of the product,filed,2011-05-10,2015-05-24
2014-14334,Description of the project goals,disapproved,2003-01-24,2017-04-29
2019-34849,Exciting features of the service,noted,2004-03-24,2014-05-01
2015-14793,Overview of the event,approved,2008-07-15,2014-01-07
2017-72612,Benefits of using the software,resolved,2017-01-26,2024-04-28
2000-74103,Overview of the event,filed,2007-12-16,2003-10-08
2009-38411,Benefits of using the software,approved,2022-02-23,2002-05-01
2014-72001,Description of the project goals,resolved,2021-04-08,2002-04-10
2014-88195,Description of the project goals,filed,2002-01-30,2007-07-12
2013-58047,Benefits of using the software,filed,2006-03-26,2011-05-19
2015-82001,Detailed description of the product,approved,2015-04-12,2005-09-01
2002-83851,Overview of the event,disapproved,2014-02-02,2005-03-21
2002-11094,Overview of the event,resolved,2009-05-14,2016-10-27
2002-17537,Benefits of using the software,noted,2000-01-27,2002-10-08
2011-68473,Benefits of using the software,approved,2019-02-21,2011-07-05
2020-49070,Exciting features of the service,disapproved,2014-01-19,2007-05-09
2018-38229,Benefits of using the software,noted,2013-02-02,2018-05-17
2004-66536,Description of the project goals,resolved,2008-02-08,2012-06-11
2001-59661,Detailed description of the product,approved,2013-03-17,2009-05-06
2004-77636,Detailed description of the product,filed,2019-03-13,2013-02-27
2012-13906,Exciting features of the service,resolved,2022-05-28,2011-10-19
2008-63709,Description of the project goals,filed,2016-10-22,2004-12-28
2024-10152,Description of the project goals,noted,2002-07-08,2003-05-28
2022-75021,Benefits of using the software,resolved,2018-07-09,2019-02-06
2014-55522,Exciting features of the service,approved,2022-08-17,2021-08-21
2023-18573,Benefits of using the software,filed,2002-10-27,2019-12-07
2010-26581,Detailed description of the product,disapproved,2011-10-26,2002-09-05
2024-87934,Overview of the event,disapproved,2021-02-23,2017-04-04
2018-54298,Overview of the event,noted,2009-01-04,2009-04-22
2019-48032,Exciting features of the service,noted,2014-04-28,2021-12-07
2017-99740,Benefits of using the software,resolved,2005-08-01,2012-02-26
2000-46300,Exciting features of the service,disapproved,2022-10-17,2008-11-16
2013-66747,Description of the project goals,filed,2013-01-16,2003-05-04
2017-88275,Exciting features of the service,approved,2009-08-01,2019-04-21
2008-25895,Overview of the event,disapproved,2017-10-14,2014-05-04
2017-41343,Overview of the event,approved,2022-03-09,2004-02-14
2014-27395,Benefits of using the software,resolved,2022-03-28,2003-04-29
2016-92385,Detailed description of the product,disapproved,2011-04-24,2020-09-19
2020-40308,Exciting features of the service,disapproved,2010-05-15,2003-04-05
2007-56616,Benefits of using the software,noted,2022-07-23,2017-08-10
2023-68588,Detailed description of the product,resolved,2016-06-02,2017-08-20
2016-37069,Overview of the event,noted,2009-11-07,2015-02-15
2008-23647,Benefits of using the software,approved,2012-11-25,2024-03-01
2000-36813,Exciting features of the service,noted,2005-04-24,2007-12-01
2021-95371,Overview of the event,resolved,2008-07-06,2012-06-19
2006-65758,Benefits of using the software,resolved,2012-04-28,2022-01-02
2008-77319,Description of the project goals,approved,2018-01-06,2003-06-15
2006-59758,Description of the project goals,resolved,2020-08-13,2015-08-16
2014-30001,Overview of the event,noted,2006-08-31,2014-03-06
2004-59112,Description of the project goals,resolved,2014-07-26,2007-05-28
2004-29909,Detailed description of the product,approved,2024-06-12,2005-08-28
2013-36540,Detailed description of the product,filed,2003-02-18,2014-12-07
2003-57588,Description of the project goals,filed,2008-01-12,2018-11-04
2000-40400,Benefits of using the software,noted,2011-07-13,2009-08-16
2016-13272,Detailed description of the product,approved,2002-10-01,2012-11-11
2015-59000,Detailed description of the product,noted,2003-07-08,2018-04-15
2009-96120,Description of the project goals,filed,2023-07-01,2019-06-29
2002-16203,Overview of the event,filed,2003-02-14,2020-05-31
2012-99991,Detailed description of the product,disapproved,2013-05-11,2000-08-24
2014-69355,Overview of the event,noted,2007-06-07,2005-10-22
2022-95696,Benefits of using the software,disapproved,2000-01-30,2024-08-03
2005-33480,Overview of the event,disapproved,2007-06-14,2005-11-02
2006-17638,Description of the project goals,approved,2005-11-14,2004-08-07
2007-28408,Detailed description of the product,noted,2023-06-03,2014-12-25
2011-82892,Description of the project goals,filed,2016-01-24,2018-06-11
2002-72706,Detailed description of the product,approved,2004-07-06,2006-11-23
2015-11737,Description of the project goals,approved,2005-04-01,2010-05-04
2017-60018,Description of the project goals,resolved,2011-05-14,2017-12-19
2018-35169,Overview of the event,noted,2018-03-04,2010-01-23
2018-18688,Description of the project goals,resolved,2016-10-16,2015-08-20
2016-36576,Detailed description of the product,approved,2013-09-09,2018-10-16
2016-97602,Overview of the event,filed,2019-06-16,2002-04-23
2000-18319,Exciting features of the service,disapproved,2021-01-22,2022-08-23
2022-94080,Overview of the event,filed,2022-10-01,2007-11-22
2021-86238,Description of the project goals,resolved,2012-11-02,2003-09-16
2005-64961,Benefits of using the software,disapproved,2016-12-23,2017-04-07
2008-19539,Detailed description of the product,noted,2017-05-29,2007-11-01
2019-18106,Overview of the event,resolved,2012-03-31,2021-06-10
2000-81796,Overview of the event,approved,2000-08-07,2010-12-09
2001-79158,Description of the project goals,noted,2005-05-05,2017-04-17
2005-13131,Benefits of using the software,noted,2009-08-03,2001-03-01
2016-67560,Detailed description of the product,noted,2010-08-03,2022-08-16
2019-49707,Overview of the event,noted,2005-11-23,2019-10-17
2008-31916,Description of the project goals,noted,2014-10-07,2010-09-19
2001-14775,Exciting features of the service,resolved,2011-05-24,2009-11-17
2014-56238,Detailed description of the product,resolved,2019-12-21,2022-12-01
2022-21255,Overview of the event,disapproved,2008-09-27,2016-05-24
2001-34429,Overview of the event,resolved,2005-04-20,2019-09-14
2004-30242,Benefits of using the software,approved,2007-08-13,2024-08-22
2011-82303,Exciting features of the service,disapproved,2023-06-11,2002-12-04
2010-45996,Overview of the event,filed,2012-01-30,2004-05-11
2018-97639,Overview of the event,resolved,2022-12-18,2001-05-10
2016-83855,Description of the project goals,approved,2014-11-30,2008-12-30
2014-43430,Description of the project goals,approved,2013-11-19,2023-11-17
2011-60874,Exciting features of the service,noted,2002-11-01,2008-11-03
2020-96310,Detailed description of the product,resolved,2012-05-15,2020-03-24
2015-34901,Exciting features of the service,resolved,2021-02-05,2019-11-10
2002-48703,Description of the project goals,disapproved,2016-04-30,2011-08-03
2001-15705,Detailed description of the product,approved,2006-06-10,2024-02-10
2011-73200,Exciting features of the service,resolved,2007-10-30,2003-09-08
2005-26752,Description of the project goals,approved,2019-03-13,2019-11-05
2013-82301,Benefits of using the software,resolved,2003-09-18,2001-10-05
2016-29290,Exciting features of the service,disapproved,2011-06-30,2007-02-03
2013-14881,Benefits of using the software,noted,2000-10-20,2018-10-04
2002-69850,Description of the project goals,approved,2019-10-11,2015-05-27
2023-40614,Overview of the event,noted,2018-10-22,2004-01-30
2009-77600,Overview of the event,resolved,2009-07-20,2002-02-01
2015-37302,Overview of the event,noted,2003-04-26,2017-09-08
2016-41601,Overview of the event,disapproved,2013-02-27,2020-03-26
2014-49179,Overview of the event,noted,2007-12-01,2003-01-20
2009-24492,Overview of the event,disapproved,2007-10-18,2002-08-01
2001-96839,Overview of the event,approved,2005-03-21,2003-12-16
2007-93406,Overview of the event,filed,2015-07-03,2006-01-25
2021-49045,Detailed description of the product,disapproved,2016-11-22,2005-08-30
2007-76461,Benefits of using the software,filed,2017-11-27,2022-02-01
2002-64968,Description of the project goals,noted,2009-05-28,2009-03-13
2013-14874,Exciting features of the service,approved,2019-02-05,2019-04-28
2002-68958,Benefits of using the software,disapproved,2016-06-13,2007-10-16
2013-92028,Benefits of using the software,approved,2003-05-20,2019-08-30
2024-70630,Overview of the event,resolved,2012-12-16,2012-04-12
2000-33363,Detailed description of the product,disapproved,2001-08-12,2004-11-02
2007-27533,Description of the project goals,noted,2004-01-05,2003-03-04
2022-91306,Exciting features of the service,disapproved,2014-03-05,2024-04-30
2004-21430,Description of the project goals,filed,2011-08-27,2006-12-02
2017-24092,Overview of the event,resolved,2022-10-08,2000-08-06
2012-18730,Description of the project goals,filed,2001-10-29,2006-04-13
2005-57980,Overview of the event,resolved,2008-01-17,2022-12-20
2006-17009,Benefits of using the software,approved,2000-01-15,2003-11-23
2016-82778,Benefits of using the software,resolved,2006-04-27,2012-05-05
2007-68785,Benefits of using the software,resolved,2001-02-20,2016-11-23
2003-99834,Description of the project goals,approved,2009-09-29,2018-07-22
2018-35397,Exciting features of the service,filed,2019-02-26,2016-02-19
2017-90666,Description of the project goals,resolved,2003-04-24,2017-08-22
2002-53144,Description of the project goals,approved,2015-10-16,2001-03-20
2018-53579,Overview of the event,disapproved,2000-04-10,2016-08-15
2007-69300,Description of the project goals,approved,2001-12-01,2006-08-28
2016-21262,Benefits of using the software,disapproved,2007-07-29,2005-05-16
2011-12967,Overview of the event,filed,2004-03-09,2011-01-17
2014-25302,Description of the project goals,disapproved,2015-09-15,2022-01-20
2019-32100,Description of the project goals,disapproved,2018-06-03,2010-06-09
2024-11697,Overview of the event,approved,2008-06-04,2022-12-04
2014-88634,Exciting features of the service,resolved,2014-10-01,2023-04-19
2013-22500,Detailed description of the product,resolved,2014-04-18,2007-07-18
2020-66637,Description of the project goals,disapproved,2018-12-30,2003-01-21
2020-32509,Detailed description of the product,approved,2024-05-18,2011-12-26
2018-30706,Detailed description of the product,approved,2005-12-06,2003-11-16
2012-11001,Exciting features of the service,approved,2022-12-01,2019-08-18
2019-37922,Exciting features of the service,filed,2017-07-20,2003-04-28
2004-48366,Exciting features of the service,resolved,2022-02-28,2015-07-07
2023-37686,Detailed description of the product,resolved,2020-09-21,2010-10-18
2018-20546,Exciting features of the service,disapproved,2009-08-29,2000-02-21
2022-36984,Overview of the event,resolved,2020-10-03,2018-04-14
2008-55824,Benefits of using the software,filed,2023-09-20,2004-08-06
2018-25635,Detailed description of the product,approved,2018-02-20,2009-04-18
2004-95886,Description of the project goals,filed,2014-05-13,2023-03-25
2024-25817,Description of the project goals,approved,2009-07-22,2000-11-29
2022-55806,Overview of the event,filed,2001-01-08,2000-12-03
2019-39171,Description of the project goals,approved,2011-02-17,2023-04-28
2012-53594,Overview of the event,noted,2009-12-22,2004-05-28
2019-66586,Detailed description of the product,disapproved,2019-06-22,2021-06-14
2019-28183,Exciting features of the service,approved,2005-02-04,2021-06-02
2012-49423,Exciting features of the service,disapproved,2023-11-07,2008-03-15
2014-43621,Description of the project goals,noted,2007-05-09,2006-05-20
2008-96207,Benefits of using the software,noted,2001-05-23,2003-05-12
2008-12253,Exciting features of the service,noted,2007-01-01,2012-11-25
2013-99893,Exciting features of the service,filed,2019-02-18,2007-11-03
2022-13101,Overview of the event,noted,2015-04-26,2005-03-17
2000-50146,Description of the project goals,noted,2009-11-14,2018-10-08
2007-39469,Exciting features of the service,disapproved,2007-04-24,2005-10-17
2016-28960,Detailed description of the product,approved,2008-10-23,2022-10-06
2014-31899,Description of the project goals,resolved,2014-06-01,2006-03-22
2008-29814,Overview of the event,noted,2020-02-09,2012-06-29
2014-60977,Description of the project goals,approved,2020-09-30,2014-05-18
2012-56617,Exciting features of the service,resolved,2020-07-29,2005-12-17
2009-92708,Overview of the event,filed,2000-01-25,2020-07-09
2015-30908,Detailed description of the product,noted,2004-11-23,2016-05-22
2000-86900,Description of the project goals,noted,2015-02-21,2012-01-21
2024-59776,Detailed description of the product,approved,2000-06-16,2014-07-04
2004-57532,Exciting features of the service,resolved,2015-10-29,2021-07-06
2012-13344,Overview of the event,disapproved,2012-03-02,2018-08-14
2017-96080,Overview of the event,resolved,2003-03-12,2017-10-17
2023-47585,Exciting features of the service,resolved,2005-07-31,2003-05-01
2023-92655,Benefits of using the software,disapproved,2003-03-26,2002-01-19
2022-23528,Detailed description of the product,filed,2019-11-05,2015-06-17
2014-71679,Detailed description of the product,noted,2017-09-14,2001-12-06
2017-42906,Overview of the event,resolved,2022-12-12,2020-07-31
2023-81426,Exciting features of the service,disapproved,2001-04-20,2007-09-10
2017-66142,Exciting features of the service,resolved,2021-01-05,2019-01-01
2014-73000,Detailed description of the product,disapproved,2024-09-12,2009-07-25
2018-75447,Exciting features of the service,disapproved,2021-11-30,2019-11-02
2017-62812,Overview of the event,resolved,2012-01-13,2019-01-03
2012-92788,Description of the project goals,resolved,2006-11-26,2004-01-21
2012-50778,Exciting features of the service,approved,2016-08-26,2013-06-23
2008-95428,Description of the project goals,resolved,2013-03-10,2012-07-08
2011-95903,Description of the project goals,filed,2007-03-12,2016-11-15
2002-95478,Benefits of using the software,noted,2011-05-26,2022-10-24
2010-92359,Detailed description of the product,filed,2002-03-31,2020-03-30
2000-37835,Exciting features of the service,resolved,2021-09-09,2013-03-24
2006-21124,Benefits of using the software,disapproved,2001-02-28,2005-10-04
2015-25296,Detailed description of the product,approved,2017-08-02,2005-12-01
2011-71009,Detailed description of the product,disapproved,2003-05-22,2002-08-24
2010-57300,Description of the project goals,approved,2022-09-24,2023-04-20
2020-77422,Overview of the event,noted,2002-01-16,2011-05-25
2011-15371,Detailed description of the product,filed,2017-04-14,2010-02-06
2002-38339,Overview of the event,disapproved,2007-04-08,2008-03-12
2018-66606,Overview of the event,filed,2003-03-20,2021-01-17
2015-35210,Description of the project goals,approved,2003-03-15,2021-11-09
2011-23400,Benefits of using the software,filed,2014-04-17,2013-09-23
2014-25505,Detailed description of the product,approved,2012-08-22,2020-07-10
2002-12191,Description of the project goals,filed,2022-09-23,2001-11-05
2015-70107,Exciting features of the service,disapproved,2009-09-04,2014-01-11
2012-74575,Description of the project goals,filed,2020-12-26,2009-11-25
2017-20685,Overview of the event,resolved,2001-03-13,2001-06-03
2023-49355,Exciting features of the service,noted,2010-06-10,2004-05-21
2016-83866,Detailed description of the product,resolved,2023-10-22,2009-04-19
2020-23453,Overview of the event,approved,2008-04-02,2021-01-30
2007-87380,Exciting features of the service,noted,2016-07-17,2011-08-23
2006-73093,Detailed description of the product,filed,2021-04-02,2022-06-06
2014-91493,Overview of the event,filed,2022-09-07,2010-12-30
2003-95276,Overview of the event,filed,2018-01-03,2015-06-02
2024-17595,Description of the project goals,resolved,2023-01-23,2002-09-02
2018-51319,Exciting features of the service,disapproved,2004-11-20,2015-09-04
2016-46246,Benefits of using the software,approved,2002-04-03,2001-11-01
2006-88932,Detailed description of the product,disapproved,2019-01-22,2004-07-27
2024-49536,Description of the project goals,resolved,2011-04-28,2006-05-31
2017-12993,Description of the project goals,noted,2011-06-10,2013-08-25
2004-57804,Detailed description of the product,filed,2001-10-28,2010-03-09
2016-79362,Exciting features of the service,disapproved,2021-01-08,2018-03-02
2016-57882,Overview of the event,approved,2005-09-27,2006-04-30
2017-54042,Overview of the event,approved,2010-12-16,2007-06-19
2001-35047,Overview of the event,resolved,2007-07-13,2022-03-14
2002-16697,Description of the project goals,disapproved,2017-09-02,2011-10-24
2012-71312,Overview of the event,approved,2007-09-04,2002-01-06
2014-36585,Detailed description of the product,resolved,2018-12-04,2017-02-11
2013-43774,Exciting features of the service,disapproved,2008-12-12,2024-05-23
2002-14302,Description of the project goals,noted,2005-11-10,2010-05-21
2005-76508,Detailed description of the product,filed,2002-07-22,2012-11-12
2006-78855,Detailed description of the product,noted,2007-02-26,2012-04-10
2006-73182,Benefits of using the software,approved,2005-10-06,2021-04-14
2020-84516,Exciting features of the service,disapproved,2017-05-21,2019-12-06
2019-30855,Overview of the event,resolved,2012-06-06,2023-11-21
2009-26034,Exciting features of the service,approved,2005-01-10,2011-08-14
2012-80306,Benefits of using the software,resolved,2016-10-28,2019-12-24
2004-79707,Exciting features of the service,disapproved,2016-10-29,2003-06-03
2012-54662,Exciting features of the service,resolved,2021-06-26,2010-09-05
2000-58065,Description of the project goals,resolved,2003-01-19,2018-01-17
2012-98754,Detailed description of the product,approved,2002-03-14,2006-06-19
2004-75133,Description of the project goals,filed,2021-09-01,2017-02-22
2002-15704,Detailed description of the product,noted,2024-09-01,2017-11-15
2023-24629,Benefits of using the software,filed,2022-03-26,2008-01-09
2002-21432,Benefits of using the software,noted,2016-04-23,2024-05-27
2024-74556,Benefits of using the software,disapproved,2019-08-14,2011-11-21
2015-67876,Benefits of using the software,disapproved,2012-01-20,2002-06-19
2012-41669,Detailed description of the product,resolved,2015-05-26,2010-09-29
2010-71056,Overview of the event,disapproved,2017-09-18,2020-05-13
2014-29429,Exciting features of the service,approved,2009-04-16,2020-11-02
2008-82400,Exciting features of the service,filed,2012-07-14,2011-11-30
2013-31444,Detailed description of the product,resolved,2000-09-27,2015-01-30
2004-69701,Exciting features of the service,noted,2006-12-05,2015-04-16
2002-44728,Description of the project goals,disapproved,2023-12-10,2022-06-17
2008-13833,Description of the project goals,disapproved,2006-04-03,2009-10-19
2016-85958,Overview of the event,disapproved,2013-01-03,2022-03-03
2018-44545,Benefits of using the software,approved,2014-03-13,2001-09-08
2012-26091,Overview of the event,noted,2006-10-06,2022-11-20
2022-78260,Description of the project goals,noted,2008-05-06,2019-03-14
2019-17415,Overview of the event,approved,2016-03-21,2004-01-23
2018-95352,Detailed description of the product,filed,2013-03-24,2017-05-18
2010-64160,Benefits of using the software,approved,2001-01-25,2020-03-11
2006-59900,Overview of the event,resolved,2023-12-21,2014-12-30
2008-37720,Exciting features of the service,disapproved,2009-07-04,2000-02-21
2022-97393,Benefits of using the software,disapproved,2020-03-12,2014-05-21
2021-36955,Description of the project goals,resolved,2010-10-25,2014-01-21
2012-11998,Detailed description of the product,approved,2004-04-09,2017-03-10
2015-71971,Description of the project goals,approved,2001-10-14,2017-12-11
2013-92869,Description of the project goals,disapproved,2024-01-13,2019-04-27
2024-19014,Detailed description of the product,approved,2015-11-08,2022-11-16
2017-84224,Overview of the event,resolved,2022-08-02,2012-05-23
2016-27462,Overview of the event,resolved,2021-02-13,2007-04-02
2000-61035,Benefits of using the software,filed,2022-04-09,2020-09-06
2018-80805,Exciting features of the service,disapproved,2016-08-22,2001-04-30
2004-63089,Detailed description of the product,approved,2004-06-22,2010-08-24
2020-83486,Overview of the event,resolved,2004-12-28,2007-09-23
2007-12130,Detailed description of the product,filed,2005-05-11,2015-04-22
2010-95446,Benefits of using the software,approved,2005-08-11,2000-06-26
2018-73031,Exciting features of the service,filed,2011-10-30,2005-07-31
2002-62433,Benefits of using the software,filed,2018-06-15,2013-07-06
2007-75417,Exciting features of the service,filed,2024-04-25,2009-04-24
2018-26204,Benefits of using the software,resolved,2002-05-24,2019-11-22
2014-43270,Description of the project goals,disapproved,2016-07-20,2018-01-31
2009-39372,Overview of the event,approved,2014-07-30,2023-10-18
2009-11360,Description of the project goals,resolved,2011-07-29,2009-10-12
2019-65433,Exciting features of the service,noted,2015-11-12,2000-12-25
2004-35516,Detailed description of the product,resolved,2013-11-29,2014-07-03
2005-21748,Overview of the event,disapproved,2024-03-12,2021-07-25
2023-52416,Overview of the event,filed,2011-11-29,2021-10-14
2006-72218,Exciting features of the service,resolved,2013-10-31,2000-02-26
2020-86432,Benefits of using the software,noted,2006-08-09,2003-04-08
2008-58827,Overview of the event,approved,2018-04-03,2011-11-16
2019-11494,Exciting features of the service,noted,2003-08-18,2020-06-24
2022-19449,Description of the project goals,approved,2022-03-01,2024-07-02
2010-67572,Benefits of using the software,resolved,2019-02-25,2018-02-18
2015-99261,Exciting features of the service,filed,2021-01-14,2009-05-24
2013-40043,Description of the project goals,resolved,2000-06-14,2000-09-22
2012-37611,Description of the project goals,disapproved,2019-07-03,2015-09-06
2018-34753,Overview of the event,resolved,2009-09-14,2020-12-08
2024-14442,Benefits of using the software,approved,2005-02-21,2017-05-14
2014-32809,Exciting features of the service,approved,2000-10-30,2017-07-21
2004-82143,Exciting features of the service,approved,2005-01-05,2017-11-10
2002-47394,Overview of the event,noted,2012-09-10,2006-08-22
2024-42122,Overview of the event,approved,2019-11-12,2008-05-26
2002-58426,Detailed description of the product,approved,2018-06-04,2009-01-30
2015-25072,Detailed description of the product,noted,2008-10-16,2024-06-18
2006-61362,Detailed description of the product,approved,2013-03-25,2011-10-09
2003-91916,Exciting features of the service,resolved,2018-11-25,2004-11-22
2001-94603,Overview of the event,filed,2021-04-25,2017-07-19
2000-89838,Overview of the event,noted,2024-06-02,2014-09-03
2005-93727,Exciting features of the service,disapproved,2003-04-26,2021-01-15
2018-88051,Exciting features of the service,noted,2022-03-22,2016-11-24
2009-33131,Exciting features of the service,disapproved,2016-12-31,2015-08-04
2020-22042,Overview of the event,noted,2019-03-09,2019-03-16
2023-13180,Benefits of using the software,disapproved,2012-12-30,2018-10-24
2015-58287,Overview of the event,noted,2003-09-05,2020-10-16
2015-49881,Detailed description of the product,disapproved,2016-07-24,2005-07-02
2001-98514,Exciting features of the service,disapproved,2004-08-02,2007-04-30
2022-75624,Benefits of using the software,resolved,2002-07-28,2016-08-29
2024-82602,Overview of the event,filed,2000-05-26,2014-12-10
2010-59831,Exciting features of the service,noted,2019-01-11,2022-03-16
2009-17931,Exciting features of the service,approved,2011-12-05,2004-07-03
2016-23838,Benefits of using the software,filed,2017-01-22,2013-01-16
2023-82337,Overview of the event,resolved,2007-04-16,2011-02-22
2019-62271,Detailed description of the product,noted,2018-02-26,2024-06-09
2012-67274,Detailed description of the product,filed,2001-12-27,2002-05-25
2021-56329,Benefits of using the software,filed,2014-07-27,2016-08-01
2001-27781,Description of the project goals,noted,2011-08-04,2004-06-25
2018-13808,Detailed description of the product,resolved,2021-05-16,2020-05-19
2004-10911,Detailed description of the product,filed,2018-11-26,2021-05-05
2001-94970,Description of the project goals,disapproved,2009-06-13,2005-08-30
2003-37326,Detailed description of the product,disapproved,2011-11-22,2011-02-21
2014-88455,Exciting features of the service,approved,2021-10-18,2010-06-25
2022-39792,Exciting features of the service,resolved,2004-10-16,2016-07-11
2013-66415,Overview of the event,noted,2020-02-22,2022-06-22
2004-84414,Description of the project goals,approved,2009-05-26,2000-10-07
2014-98388,Overview of the event,noted,2021-11-16,2019-09-03
2012-98965,Exciting features of the service,noted,2012-09-29,2019-01-26
2005-69629,Benefits of using the software,noted,2002-11-26,2014-12-03
2000-79808,Exciting features of the service,resolved,2006-11-03,2010-03-05
2018-30573,Benefits of using the software,disapproved,2006-10-19,2023-10-24
2001-58689,Benefits of using the software,noted,2015-01-27,2012-09-08
2007-79354,Overview of the event,approved,2013-10-29,2004-11-08
2010-48778,Detailed description of the product,filed,2015-01-31,2010-04-23
2011-87004,Exciting features of the service,filed,2001-07-24,2017-08-27
2014-82385,Detailed description of the product,disapproved,2006-10-17,2022-07-11
2015-72734,Exciting features of the service,approved,2009-06-24,2006-06-09
2006-76130,Exciting features of the service,disapproved,2013-11-20,2010-03-13
2015-66811,Exciting features of the service,resolved,2015-10-25,2024-08-27
2024-27318,Detailed description of the product,noted,2016-10-04,2002-05-24
2010-44416,Description of the project goals,noted,2019-03-06,2019-03-19
2014-63381,Detailed description of the product,noted,2006-11-03,2002-12-13
2022-57398,Overview of the event,noted,2024-02-22,2004-04-06
2015-79112,Overview of the event,approved,2009-01-27,2018-02-17
2012-79167,Benefits of using the software,filed,2023-08-01,2009-03-20
2011-42557,Description of the project goals,approved,2024-07-11,2009-09-14
2023-84326,Description of the project goals,approved,2021-10-16,2016-08-29
2022-37936,Detailed description of the product,resolved,2014-01-30,2007-04-17
2008-96716,Exciting features of the service,disapproved,2005-01-06,2011-09-20
2019-70009,Detailed description of the product,filed,2016-01-07,2013-01-13
2014-25725,Benefits of using the software,disapproved,2005-09-03,2006-01-25
2015-90982,Benefits of using the software,noted,2013-12-07,2006-01-30
2006-89007,Exciting features of the service,disapproved,2017-01-21,2016-12-20
2022-81236,Description of the project goals,approved,2005-02-17,2007-01-05
2003-44823,Description of the project goals,resolved,2002-08-10,2015-04-06
2020-18801,Detailed description of the product,filed,2003-11-02,2021-02-24
2002-86859,Exciting features of the service,resolved,2019-03-11,2022-10-10
2019-83397,Overview of the event,resolved,2013-05-24,2010-08-10
2024-28427,Overview of the event,disapproved,2010-12-17,2009-06-06
2008-88920,Benefits of using the software,disapproved,2013-03-27,2008-10-21
2011-86650,Benefits of using the software,resolved,2014-08-30,2014-01-14
2023-49446,Benefits of using the software,noted,2000-08-16,2024-06-14
2006-31900,Description of the project goals,resolved,2010-02-21,2005-06-03
2004-72632,Description of the project goals,resolved,2021-09-14,2024-01-25
2011-76290,Overview of the event,filed,2005-11-09,2016-07-18
2019-55569,Benefits of using the software,noted,2015-03-05,2024-09-05
2018-64924,Exciting features of the service,filed,2016-01-04,2024-06-14
2017-77805,Benefits of using the software,approved,2015-07-03,2001-04-25
2008-26876,Benefits of using the software,filed,2019-01-19,2002-10-22
2001-60133,Benefits of using the software,noted,2018-11-30,2017-09-29
2015-72009,Overview of the event,approved,2016-07-03,2008-03-25
2020-72487,Exciting features of the service,resolved,2009-12-22,2009-01-28
2009-49238,Exciting features of the service,filed,2004-05-21,2024-06-11
2019-97271,Benefits of using the software,disapproved,2019-01-08,2000-10-08
2014-50960,Exciting features of the service,filed,2006-10-19,2000-02-06
2019-16807,Description of the project goals,resolved,2020-08-30,2021-11-03
2006-60263,Detailed description of the product,resolved,2017-10-17,2009-12-19
2007-81615,Description of the project goals,resolved,2009-12-31,2001-02-27
2001-92058,Exciting features of the service,filed,2010-04-17,2013-11-14
2022-90939,Overview of the event,filed,2010-11-03,2007-07-18
2001-28555,Description of the project goals,approved,2019-07-04,2016-03-23
2010-55372,Description of the project goals,resolved,2002-03-11,2001-11-15
2013-93859,Overview of the event,disapproved,2020-08-24,2013-01-07
2017-67603,Benefits of using the software,approved,2019-04-10,2013-05-09
2011-76313,Description of the project goals,resolved,2018-04-28,2012-01-01
2023-37803,Overview of the event,approved,2008-02-21,2008-10-16
2006-79837,Overview of the event,approved,2001-09-25,2008-02-20
2004-88838,Overview of the event,resolved,2009-05-29,2013-03-04
2014-64528,Exciting features of the service,filed,2002-10-20,2008-10-22
2011-56925,Benefits of using the software,filed,2024-02-16,2023-07-05
2021-48208,Description of the project goals,noted,2019-06-20,2008-10-24
2023-91200,Overview of the event,approved,2013-06-16,2006-05-30
2019-59124,Benefits of using the software,filed,2007-08-03,2024-08-13
2001-95770,Exciting features of the service,filed,2006-11-20,2010-08-01
2011-58107,Exciting features of the service,noted,2006-11-02,2007-08-09
2019-81072,Overview of the event,filed,2018-03-24,2008-02-28
2015-28169,Detailed description of the product,filed,2021-12-27,2001-01-28
2002-33963,Benefits of using the software,disapproved,2019-07-17,2006-09-11
2007-14016,Benefits of using the software,disapproved,2021-06-30,2009-12-02
2005-21329,Detailed description of the product,approved,2000-08-10,2021-03-28
2018-20516,Benefits of using the software,filed,2019-07-30,2003-09-02
2020-21855,Detailed description of the product,noted,2005-03-13,2008-11-07
2024-96602,Description of the project goals,noted,2010-01-20,2011-11-21
2012-18683,Exciting features of the service,disapproved,2000-03-14,2000-09-20
2006-27755,Overview of the event,disapproved,2023-08-04,2017-09-02
2021-33801,Description of the project goals,disapproved,2020-12-10,2013-05-15
2010-16616,Overview of the event,filed,2013-02-27,2012-08-05
2011-17997,Detailed description of the product,resolved,2001-11-23,2008-08-10
2013-12230,Benefits of using the software,noted,2012-09-25,2003-06-27
2018-50548,Overview of the event,disapproved,2020-08-14,2014-03-12
2012-29281,Benefits of using the software,noted,2000-12-27,2006-08-29
2021-96780,Exciting features of the service,noted,2009-11-14,2012-12-25
2016-79858,Benefits of using the software,filed,2003-08-22,2022-12-15
2017-59590,Benefits of using the software,approved,2009-06-24,2004-10-05
2019-89797,Exciting features of the service,approved,2009-02-27,2013-01-02
2024-41023,Exciting features of the service,noted,2007-03-16,2017-06-03
2015-70812,Description of the project goals,disapproved,2013-06-03,2003-10-31
2017-66484,Overview of the event,disapproved,2002-01-24,2005-11-16
2015-79567,Description of the project goals,noted,2000-06-11,2004-05-19
2013-61210,Description of the project goals,approved,2018-03-19,2022-05-26
2018-86955,Detailed description of the product,filed,2012-04-15,2016-09-17
2000-87262,Detailed description of the product,filed,2008-07-22,2004-03-09
2003-50986,Description of the project goals,noted,2005-01-05,2012-01-03
2015-51925,Description of the project goals,filed,2013-12-15,2015-04-17
2014-38696,Detailed description of the product,filed,2009-10-22,2006-01-06
2020-23709,Description of the project goals,resolved,2024-08-21,2010-06-11
2009-72127,Overview of the event,disapproved,2014-06-26,2019-12-31
2006-77836,Overview of the event,disapproved,2014-08-27,2002-05-08
2019-11802,Benefits of using the software,noted,2009-03-10,2012-04-18
2023-21191,Exciting features of the service,noted,2016-05-19,2015-02-05
2002-43661,Detailed description of the product,approved,2008-04-29,2009-09-04
2015-25550,Detailed description of the product,approved,2009-12-03,2005-09-13
2023-14231,Description of the project goals,disapproved,2013-12-07,2003-02-20
2002-40633,Exciting features of the service,noted,2024-02-27,2005-01-11
2001-48755,Detailed description of the product,filed,2018-02-01,2006-10-25
2005-85704,Overview of the event,noted,2004-07-23,2007-04-21
2005-78247,Overview of the event,approved,2002-08-07,2005-07-03
2024-20554,Benefits of using the software,approved,2009-01-22,2008-01-27
2003-30800,Description of the project goals,noted,2005-01-24,2002-06-13
2000-81628,Detailed description of the product,filed,2012-03-01,2020-02-13
2010-20164,Detailed description of the product,approved,2018-05-29,2024-06-11
2002-22612,Description of the project goals,noted,2008-10-10,2020-02-25
2024-36730,Overview of the event,noted,2006-03-17,2005-02-11
2019-69381,Detailed description of the product,filed,2004-05-26,2011-09-09
2023-71794,Benefits of using the software,resolved,2010-07-15,2020-10-04
2013-48525,Description of the project goals,filed,2020-02-29,2016-07-23
2022-88091,Benefits of using the software,approved,2007-12-31,2004-09-19
2020-75558,Description of the project goals,noted,2000-04-22,2013-09-10
2022-92314,Description of the project goals,filed,2001-09-15,2011-10-23
2012-59981,Exciting features of the service,resolved,2001-09-05,2006-08-17
2020-28638,Benefits of using the software,resolved,2014-11-14,2002-02-05
2022-61937,Benefits of using the software,noted,2017-01-31,2022-03-16
2021-23870,Benefits of using the software,filed,2016-10-07,2001-08-27
2005-79033,Description of the project goals,noted,2010-10-02,2002-12-26
2014-89536,Description of the project goals,resolved,2010-11-23,2005-04-29
2013-32409,Description of the project goals,approved,2014-04-18,2003-09-24
2019-71386,Benefits of using the software,noted,2016-01-28,2004-08-27
2024-71118,Exciting features of the service,resolved,2014-03-06,2010-09-09
2009-91149,Description of the project goals,approved,2018-06-02,2007-01-25
2018-85962,Exciting features of the service,noted,2010-10-04,2013-05-05
2003-51450,Overview of the event,approved,2001-02-11,2008-08-26
2020-49205,Benefits of using the software,noted,2019-03-23,2017-06-26
2007-76377,Benefits of using the software,filed,2016-05-14,2009-10-21
2004-73591,Detailed description of the product,noted,2009-08-01,2021-06-13
2004-25909,Detailed description of the product,disapproved,2021-01-30,2008-09-26
2000-78765,Overview of the event,filed,2007-01-15,2022-07-07
2004-52723,Description of the project goals,resolved,2011-09-27,2005-03-16
2009-63468,Description of the project goals,approved,2005-06-17,2008-07-12
2011-97190,Benefits of using the software,disapproved,2011-06-04,2000-03-22
2021-38075,Overview of the event,resolved,2014-06-04,2010-11-03
2000-45104,Exciting features of the service,disapproved,2010-07-05,2002-12-31
2023-57528,Benefits of using the software,filed,2012-08-12,2020-12-28
2003-31964,Detailed description of the product,approved,2014-09-20,2018-07-04
2008-20917,Exciting features of the service,noted,2014-10-27,2007-02-28
2017-86535,Detailed description of the product,resolved,2004-01-11,2000-07-03
2018-47659,Exciting features of the service,resolved,2011-03-12,2007-12-07
2015-69017,Benefits of using the software,disapproved,2006-12-07,2016-04-30
2009-62483,Exciting features of the service,disapproved,2015-01-15,2014-09-01
2014-74615,Overview of the event,noted,2019-04-04,2007-09-17
2020-84038,Detailed description of the product,disapproved,2006-02-10,2024-06-04
2009-51041,Benefits of using the software,noted,2005-04-22,2002-11-05
2005-89119,Overview of the event,approved,2022-12-30,2020-06-21
2014-22313,Exciting features of the service,approved,2013-04-29,2002-12-30
2009-40968,Overview of the event,disapproved,2021-03-29,2022-03-16
2018-20163,Description of the project goals,filed,2008-02-08,2011-03-26
2002-16363,Exciting features of the service,noted,2007-07-29,2017-01-18
2011-53573,Exciting features of the service,approved,2004-10-10,2014-05-19
2002-88324,Benefits of using the software,disapproved,2013-05-03,2021-02-14
2024-24824,Exciting features of the service,filed,2018-12-22,2005-09-26
2009-97042,Detailed description of the product,resolved,2002-10-01,2000-06-26
2018-41706,Benefits of using the software,approved,2002-01-24,2020-08-08
2018-44994,Benefits of using the software,filed,2011-07-30,2006-12-15
2019-50119,Detailed description of the product,noted,2020-08-16,2021-10-02
2023-64428,Exciting features of the service,disapproved,2011-04-27,2001-10-28
2013-60680,Description of the project goals,disapproved,2002-02-04,2013-01-17
2000-61500,Overview of the event,noted,2020-07-21,2005-12-30
2018-12652,Overview of the event,noted,2010-10-27,2022-04-11
2021-38287,Overview of the event,disapproved,2006-11-02,2014-05-22
2016-54557,Exciting features of the service,noted,2001-10-06,2004-08-02
2024-98416,Overview of the event,noted,2007-06-05,2005-03-04
2012-26240,Detailed description of the product,resolved,2004-09-10,2002-08-14
2008-23909,Overview of the event,disapproved,2018-04-25,2004-11-30
2006-39334,Description of the project goals,resolved,2014-02-14,2000-02-09
2020-75642,Exciting features of the service,noted,2001-09-11,2021-08-15
2000-97222,Detailed description of the product,resolved,2015-06-06,2018-01-11
2021-68166,Exciting features of the service,approved,2012-02-05,2006-05-09
2011-73819,Benefits of using the software,filed,2012-01-30,2006-09-15
2021-48052,Benefits of using the software,disapproved,2001-10-17,2013-10-26
2013-17699,Detailed description of the product,approved,2014-02-10,2001-03-22
2017-31074,Benefits of using the software,approved,2000-06-02,2000-03-19
2009-35347,Description of the project goals,approved,2001-01-09,2008-07-18
2001-43219,Benefits of using the software,resolved,2006-10-09,2015-02-05
2009-16860,Detailed description of the product,filed,2024-03-04,2014-01-30
2002-84565,Benefits of using the software,filed,2010-09-02,2000-10-31
2005-34737,Description of the project goals,approved,2007-08-01,2004-07-09
2013-49274,Overview of the event,disapproved,2024-06-28,2017-08-07
2022-14210,Description of the project goals,filed,2013-02-20,2020-02-10
2007-67853,Description of the project goals,filed,2006-07-30,2017-01-14
2007-25525,Benefits of using the software,noted,2011-05-30,2018-10-15
2021-50217,Benefits of using the software,noted,2019-07-14,2019-10-29
2000-70398,Description of the project goals,noted,2020-02-03,2002-03-05
2011-50766,Benefits of using the software,resolved,2016-09-22,2005-11-07
2013-26409,Overview of the event,approved,2014-11-07,2003-03-24
2008-79929,Overview of the event,disapproved,2007-05-13,2024-01-04
2004-15875,Benefits of using the software,filed,2016-10-24,2006-04-25
2018-89099,Overview of the event,noted,2006-02-14,2015-11-04
2003-31790,Overview of the event,filed,2014-12-05,2016-02-14
2022-17325,Detailed description of the product,disapproved,2001-08-29,2004-03-22
2021-26083,Benefits of using the software,resolved,2010-09-07,2017-12-19
2013-35637,Benefits of using the software,resolved,2019-05-10,2011-09-07
2015-23490,Detailed description of the product,resolved,2000-12-15,2017-09-02
2007-69399,Exciting features of the service,resolved,2023-03-09,2007-11-10
2010-65535,Overview of the event,disapproved,2002-02-28,2023-12-19
2007-96067,Benefits of using the software,disapproved,2001-01-12,2012-11-23
2024-96968,Benefits of using the software,disapproved,2017-04-27,2000-10-25
2007-28457,Overview of the event,filed,2002-09-04,2017-12-01
2011-42178,Description of the project goals,disapproved,2005-11-24,2018-05-23
2012-39537,Description of the project goals,disapproved,2020-07-05,2008-02-29
2022-99562,Benefits of using the software,approved,2017-07-15,2012-05-06
2010-81007,Exciting features of the service,noted,2021-12-03,2001-12-25
2020-68401,Description of the project goals,disapproved,2019-12-15,2008-12-31
2019-17190,Exciting features of the service,filed,2002-01-03,2010-12-13
2010-91849,Exciting features of the service,resolved,2007-08-05,2017-11-21
2007-69057,Detailed description of the product,noted,2006-05-08,2005-10-26
2018-19707,Description of the project goals,disapproved,2007-04-19,2006-01-03
2010-89814,Exciting features of the service,filed,2019-02-14,2000-04-26
2022-27871,Benefits of using the software,disapproved,2015-08-13,2023-08-27
2007-97985,Description of the project goals,resolved,2008-08-11,2022-04-03
2007-89200,Description of the project goals,noted,2005-03-10,2002-02-28
2021-13040,Description of the project goals,resolved,2012-10-27,2019-11-01
2018-72713,Exciting features of the service,disapproved,2022-04-13,2021-02-14
2020-35442,Description of the project goals,approved,2000-02-07,2003-07-23
2008-54880,Overview of the event,resolved,2010-07-31,2019-02-17
2022-43948,Benefits of using the software,approved,2020-06-08,2007-09-04
2024-86558,Exciting features of the service,approved,2020-02-29,2016-10-23
2022-93961,Detailed description of the product,noted,2009-02-26,2003-12-06
2002-76693,Overview of the event,noted,2001-03-01,2021-03-02
2011-89251,Exciting features of the service,disapproved,2005-12-01,2000-12-11
2001-26033,Description of the project goals,noted,2020-05-30,2020-01-24
2023-79688,Detailed description of the product,filed,2016-04-06,2012-10-24
2013-59601,Detailed description of the product,approved,2002-04-09,2021-01-06
2024-77503,Benefits of using the software,resolved,2012-01-16,2020-06-18
2002-42574,Benefits of using the software,approved,2018-03-02,2013-02-27
2013-64783,Description of the project goals,resolved,2016-05-20,2019-11-26
2005-70101,Exciting features of the service,approved,2014-05-26,2005-11-21
2017-95516,Benefits of using the software,approved,2023-01-15,2008-09-25
2019-60069,Description of the project goals,noted,2022-03-27,2014-12-25
2005-40243,Detailed description of the product,resolved,2008-10-28,2020-10-10
2002-76841,Detailed description of the product,approved,2009-06-20,2020-02-11
2019-60005,Overview of the event,noted,2013-08-28,2004-03-10
2012-96534,Benefits of using the software,approved,2003-10-01,2009-07-24
2016-19862,Benefits of using the software,filed,2020-05-09,2014-04-22
2003-17251,Exciting features of the service,filed,2016-07-08,2022-04-23
2013-37308,Exciting features of the service,disapproved,2019-11-03,2022-09-28
2008-22789,Overview of the event,filed,2011-10-08,2004-12-01
2022-61233,Exciting features of the service,disapproved,2003-05-06,2019-09-07
2006-70772,Exciting features of the service,approved,2022-07-30,2012-03-29
2013-79683,Overview of the event,noted,2020-06-12,2011-03-23
2018-40045,Detailed description of the product,noted,2021-09-24,2013-10-05
2009-63866,Exciting features of the service,noted,2021-06-08,2010-05-08
2003-28605,Description of the project goals,approved,2007-04-20,2018-10-08
2000-83766,Benefits of using the software,resolved,2006-09-17,2007-09-13
2010-92504,Overview of the event,noted,2013-02-15,2019-02-07
2006-45576,Overview of the event,resolved,2005-06-09,2002-04-03
2005-25238,Description of the project goals,resolved,2002-02-12,2020-11-13
2022-50986,Exciting features of the service,approved,2016-06-30,2006-12-18
2014-80944,Exciting features of the service,filed,2007-11-19,2006-03-02
2009-88540,Exciting features of the service,filed,2014-05-24,2024-04-25
2006-19351,Overview of the event,approved,2004-08-12,2021-08-28
2022-27910,Description of the project goals,noted,2007-04-10,2009-12-25
2017-45508,Description of the project goals,disapproved,2007-12-19,2014-02-17
2016-66612,Description of the project goals,noted,2006-10-14,2002-03-24
2011-33128,Description of the project goals,disapproved,2009-03-05,2006-04-24
2010-64695,Benefits of using the software,resolved,2011-05-28,2003-09-22
2001-29058,Benefits of using the software,filed,2016-04-15,2004-05-06
2014-67769,Description of the project goals,disapproved,2012-07-12,2013-07-06
2002-26029,Overview of the event,resolved,2013-04-08,2023-03-30
2000-32323,Benefits of using the software,disapproved,2001-01-24,2001-03-15
2019-90563,Description of the project goals,disapproved,2015-04-29,2009-12-10
2015-71519,Detailed description of the product,disapproved,2015-01-25,2004-11-21
2023-36017,Exciting features of the service,resolved,2001-06-06,2018-11-11
2021-83970,Benefits of using the software,disapproved,2014-10-28,2019-08-31
2024-71804,Detailed description of the product,noted,2003-05-03,2017-04-04
2005-91185,Description of the project goals,approved,2019-07-02,2002-06-27
2001-23135,Exciting features of the service,disapproved,2008-01-26,2020-12-15
2001-27875,Exciting features of the service,noted,2009-12-09,2013-05-03
2003-73307,Description of the project goals,approved,2003-03-12,2024-05-28
2011-50296,Benefits of using the software,disapproved,2001-07-20,2014-04-04
2015-81149,Description of the project goals,resolved,2000-11-17,2001-12-26
2015-20508,Overview of the event,filed,2010-11-20,2006-03-19
2024-80674,Benefits of using the software,filed,2003-08-23,2004-02-17
2007-69930,Detailed description of the product,filed,2021-11-09,2000-06-17
2023-98330,Overview of the event,approved,2014-03-21,2016-08-29
2002-76780,Benefits of using the software,resolved,2006-06-11,2015-05-22
2018-77469,Exciting features of the service,filed,2020-01-25,2011-01-03
2001-33252,Detailed description of the product,filed,2011-06-20,2022-04-20
2002-89702,Overview of the event,filed,2020-01-30,2004-10-01
2014-58821,Benefits of using the software,noted,2004-03-07,2008-06-27
2000-93931,Exciting features of the service,noted,2014-04-04,2023-09-23
2014-49440,Overview of the event,resolved,2010-10-01,2013-08-02
2021-80740,Detailed description of the product,filed,2015-12-20,2011-06-08
2011-42201,Benefits of using the software,disapproved,2003-02-12,2019-04-27
2012-19052,Description of the project goals,resolved,2007-09-10,2019-01-21
2009-72604,Overview of the event,approved,2022-08-21,2021-11-23
2006-93551,Detailed description of the product,filed,2007-01-10,2002-01-12
2000-84055,Description of the project goals,noted,2019-07-02,2006-10-06
2004-82976,Description of the project goals,disapproved,2013-04-25,2005-11-24
2010-47570,Description of the project goals,disapproved,2011-05-03,2021-10-08
2018-34941,Description of the project goals,resolved,2000-08-03,2022-12-15
2021-69388,Benefits of using the software,resolved,2015-03-30,2010-06-10
2012-76747,Detailed description of the product,filed,2003-07-20,2014-02-05
2012-67023,Detailed description of the product,approved,2016-08-22,2003-01-25
2008-11094,Detailed description of the product,approved,2008-10-22,2022-09-02
2014-35727,Benefits of using the software,disapproved,2008-05-09,2021-05-22
2023-35257,Detailed description of the product,noted,2001-10-10,2006-08-11
2003-16326,Detailed description of the product,approved,2000-02-25,2007-04-06
2018-17340,Benefits of using the software,approved,2017-06-16,2004-04-05
2000-34690,Description of the project goals,disapproved,2019-02-03,2012-08-19
2005-52837,Benefits of using the software,approved,2003-05-29,2010-08-11
2010-56756,Detailed description of the product,approved,2010-09-15,2009-09-11
2009-68338,Benefits of using the software,approved,2010-04-17,2014-04-21
2003-41057,Exciting features of the service,filed,2005-05-12,2006-09-18
2012-16148,Description of the project goals,approved,2011-02-12,2021-01-16
2010-84400,Detailed description of the product,noted,2021-07-21,2005-12-12
2012-68928,Exciting features of the service,noted,2005-12-22,2024-03-25
2007-52907,Detailed description of the product,noted,2021-01-19,2019-11-19
2023-55662,Overview of the event,noted,2008-04-19,2001-04-29
2004-82490,Benefits of using the software,resolved,2020-02-15,2006-10-10
2020-65867,Benefits of using the software,filed,2024-05-21,2016-01-03
2008-66983,Detailed description of the product,disapproved,2012-04-24,2013-05-14
2014-18672,Description of the project goals,noted,2017-11-29,2002-11-19
2018-21424,Exciting features of the service,approved,2004-12-04,2018-04-30
2010-73639,Description of the project goals,noted,2015-01-26,2014-12-08
2003-17289,Overview of the event,disapproved,2016-07-12,2010-09-12
2000-62781,Exciting features of the service,resolved,2005-01-16,2022-11-01
2023-75651,Exciting features of the service,disapproved,2005-04-30,2021-03-06
2013-86617,Exciting features of the service,noted,2016-03-08,2019-01-15
2012-66705,Exciting features of the service,noted,2004-10-10,2003-12-12
2006-60961,Description of the project goals,resolved,2002-08-14,2012-11-01
2021-89632,Detailed description of the product,filed,2017-12-21,2001-04-19
2017-88650,Overview of the event,approved,2021-02-12,2021-11-04
2001-70011,Benefits of using the software,noted,2021-04-22,2010-07-19
2003-23801,Detailed description of the product,approved,2001-04-01,2023-06-29
2003-17185,Exciting features of the service,resolved,2018-12-02,2002-08-24
2016-53983,Overview of the event,resolved,2005-06-15,2018-07-29
2011-70990,Benefits of using the software,disapproved,2012-04-10,2023-04-21
2005-95509,Overview of the event,filed,2000-07-12,2020-10-16
2010-87197,Exciting features of the service,noted,2005-05-24,2009-06-03
2020-56900,Overview of the event,approved,2010-01-19,2015-09-24
2009-86652,Detailed description of the product,approved,2023-05-07,2011-11-09
2022-96815,Detailed description of the product,approved,2015-08-30,2003-07-28
2004-11345,Exciting features of the service,resolved,2020-09-14,2003-05-11
2021-28115,Overview of the event,noted,2018-04-21,2008-07-08
2013-38216,Benefits of using the software,filed,2016-07-09,2016-02-07
2001-19715,Detailed description of the product,filed,2005-10-06,2012-06-03
2006-71276,Detailed description of the product,approved,2002-12-26,2011-02-04
2021-20113,Detailed description of the product,approved,2016-07-11,2009-04-29
2013-28299,Exciting features of the service,noted,2021-04-11,2024-08-07
2011-48243,Description of the project goals,approved,2020-01-02,2003-08-12
2004-72343,Exciting features of the service,approved,2017-06-28,2005-01-30
2008-63209,Overview of the event,disapproved,2020-09-24,2013-10-10
2007-84213,Description of the project goals,disapproved,2020-02-13,2016-06-22
2005-67418,Detailed description of the product,filed,2010-03-22,2002-08-12
2002-24116,Exciting features of the service,filed,2001-05-19,2004-08-08
2022-66451,Overview of the event,disapproved,2013-01-24,2020-10-25
2000-65121,Overview of the event,noted,2016-07-24,2012-04-29
2018-58928,Description of the project goals,filed,2009-10-31,2017-09-11
2019-35494,Overview of the event,filed,2017-05-21,2007-06-06
2003-58980,Overview of the event,disapproved,2004-01-12,2003-09-01
2016-60574,Description of the project goals,noted,2005-01-20,2017-11-29
2007-72579,Exciting features of the service,filed,2007-10-15,2023-11-12
2021-48341,Exciting features of the service,filed,2005-12-29,2002-02-03
2004-50796,Description of the project goals,approved,2011-10-15,2010-04-06
2001-78793,Benefits of using the software,filed,2000-11-25,2002-01-25
2017-71748,Description of the project goals,approved,2006-10-26,2018-06-02
2003-54410,Detailed description of the product,resolved,2016-11-08,2003-11-16
2007-64904,Exciting features of the service,resolved,2022-06-03,2020-01-07
2019-73850,Benefits of using the software,filed,2022-01-01,2006-10-22
2016-58090,Exciting features of the service,resolved,2013-07-15,2018-07-02
2015-43870,Overview of the event,noted,2022-04-15,2023-01-27
2002-15329,Exciting features of the service,approved,2014-02-01,2005-04-09
2004-31269,Description of the project goals,resolved,2005-07-06,2023-01-16
2014-17373,Benefits of using the software,noted,2011-10-31,2013-07-19
2022-28379,Detailed description of the product,noted,2008-12-02,2023-06-17
2007-42972,Detailed description of the product,filed,2013-02-13,2001-08-03
2009-61568,Benefits of using the software,noted,2022-07-31,2021-11-19
2003-66511,Exciting features of the service,noted,2006-08-01,2002-01-19
2003-42746,Overview of the event,resolved,2002-09-12,2018-10-23
2001-25515,Detailed description of the product,filed,2021-10-22,2000-06-01
2005-82133,Exciting features of the service,disapproved,2020-06-04,2016-11-11
2006-14966,Detailed description of the product,disapproved,2002-07-09,2020-06-15
2017-54972,Description of the project goals,resolved,2016-02-18,2010-04-09
2014-35428,Detailed description of the product,filed,2022-05-31,2015-07-08
2005-23206,Description of the project goals,approved,2016-06-03,2008-08-19
2011-96344,Benefits of using the software,approved,2023-07-20,2013-07-17
2018-75286,Benefits of using the software,disapproved,2008-09-21,2018-10-19
2016-67491,Exciting features of the service,approved,2021-06-06,2024-06-14
2006-99299,Benefits of using the software,resolved,2018-10-06,2006-11-30
2005-61906,Description of the project goals,resolved,2006-03-30,2008-05-15
2019-52746,Detailed description of the product,noted,2013-11-23,2021-11-12
2015-12412,Detailed description of the product,filed,2002-07-01,2019-06-22
2006-87493,Overview of the event,resolved,2011-04-16,2015-07-10
2023-72728,Exciting features of the service,noted,2016-03-30,2018-05-01
2021-18809,Benefits of using the software,disapproved,2001-10-19,2016-06-13
2023-36637,Benefits of using the software,noted,2007-06-29,2001-06-28
2019-46773,Detailed description of the product,disapproved,2017-10-03,2012-06-18
2024-87200,Detailed description of the product,disapproved,2008-08-02,2021-05-05
2020-45879,Exciting features of the service,filed,2007-10-12,2005-07-13
2016-72400,Description of the project goals,filed,2006-07-25,2023-05-07
2016-43503,Description of the project goals,approved,2014-08-25,2003-07-17
2023-11135,Description of the project goals,resolved,2012-09-24,2002-02-01
2010-61619,Benefits of using the software,disapproved,2011-02-17,2010-08-16
2004-49395,Overview of the event,noted,2023-01-31,2000-06-20
2015-55320,Description of the project goals,disapproved,2016-08-14,2002-03-26
2012-85909,Overview of the event,disapproved,2020-06-19,2009-02-05
2003-11736,Overview of the event,disapproved,2021-09-12,2014-08-30
2001-86007,Benefits of using the software,approved,2007-07-02,2005-04-13
2015-79430,Detailed description of the product,resolved,2016-11-20,2000-11-21
2023-22796,Benefits of using the software,filed,2017-08-31,2022-12-17
2009-49854,Description of the project goals,noted,2013-01-27,2011-04-01
2024-18799,Description of the project goals,filed,2005-11-11,2005-02-11
2013-17311,Overview of the event,resolved,2004-07-01,2019-10-02
2022-34966,Exciting features of the service,disapproved,2010-10-08,2006-12-27
2008-76369,Detailed description of the product,approved,2015-11-16,2004-01-12
2019-54150,Description of the project goals,resolved,2010-02-09,2007-03-23
2014-84279,Description of the project goals,disapproved,2012-01-09,2013-11-08
2019-88835,Exciting features of the service,filed,2005-07-30,2020-03-16
2023-34384,Detailed description of the product,noted,2011-06-21,2011-09-14
2011-85042,Benefits of using the software,disapproved,2005-08-03,2022-11-13
2018-30661,Benefits of using the software,disapproved,2023-04-21,2016-09-14
2023-57504,Benefits of using the software,filed,2016-05-07,2016-07-12
2010-12381,Overview of the event,resolved,2004-08-12,2005-04-16
2008-29002,Overview of the event,resolved,2016-05-03,2008-09-14
2002-71800,Description of the project goals,noted,2021-08-28,2002-09-01
2022-87891,Benefits of using the software,disapproved,2023-08-03,2016-11-20
2009-36727,Description of the project goals,resolved,2024-03-02,2021-12-09
2023-50208,Detailed description of the product,filed,2006-12-31,2009-08-26
2009-68368,Overview of the event,approved,2023-12-08,2018-02-16
2000-59004,Detailed description of the product,noted,2022-01-09,2019-04-19
2001-39702,Benefits of using the software,disapproved,2009-08-22,2003-04-26
2004-28230,Exciting features of the service,resolved,2008-02-12,2015-04-28
2021-76562,Exciting features of the service,resolved,2024-04-06,2001-09-18
2017-22862,Benefits of using the software,filed,2012-10-07,2001-01-02
2011-17068,Benefits of using the software,noted,2011-11-09,2022-08-03
2020-57112,Benefits of using the software,approved,2002-03-28,2010-08-05
2014-11700,Description of the project goals,disapproved,2008-08-01,2012-05-11
2010-42276,Benefits of using the software,filed,2002-04-11,2009-03-07
2003-18497,Overview of the event,noted,2023-04-02,2007-09-01
2013-65871,Description of the project goals,filed,2006-10-10,2000-04-15
2011-73639,Exciting features of the service,filed,2002-07-27,2024-06-25
2006-92307,Exciting features of the service,resolved,2009-10-11,2017-08-13
2006-48000,Benefits of using the software,filed,2014-11-15,2009-10-26
2015-91166,Exciting features of the service,approved,2018-06-13,2013-03-14
2000-26739,Overview of the event,filed,2005-09-21,2008-08-10
2013-10665,Benefits of using the software,noted,2012-05-14,2020-09-20
2005-71063,Description of the project goals,resolved,2000-12-28,2005-01-14
2006-27701,Description of the project goals,disapproved,2003-12-27,2013-06-11
2011-66864,Detailed description of the product,noted,2017-07-26,2018-12-28
2016-66401,Detailed description of the product,noted,2002-10-04,2013-12-01
2007-36666,Description of the project goals,disapproved,2013-06-25,2020-10-07
2021-60694,Description of the project goals,resolved,2017-11-13,2018-02-16
2000-78081,Detailed description of the product,resolved,2015-07-03,2024-07-12
2009-63357,Exciting features of the service,resolved,2011-03-01,2013-10-18
2003-30128,Overview of the event,disapproved,2002-11-11,2010-01-17
2011-47580,Overview of the event,approved,2018-04-02,2000-07-30
2005-16353,Description of the project goals,approved,2011-05-10,2003-09-16
2003-69107,Detailed description of the product,noted,2003-07-05,2010-04-09
2012-89708,Exciting features of the service,disapproved,2000-02-09,2007-07-28
2024-42552,Exciting features of the service,filed,2016-03-22,2016-01-01
2004-82668,Benefits of using the software,filed,2017-05-01,2014-01-01
2000-90606,Benefits of using the software,noted,2016-11-03,2020-06-20
2015-57906,Benefits of using the software,filed,2004-03-05,2001-10-17
2015-67500,Detailed description of the product,resolved,2011-01-26,2016-06-02
2003-28931,Exciting features of the service,disapproved,2009-03-13,2017-12-19
2006-47264,Description of the project goals,resolved,2019-06-11,2010-09-26
2012-22973,Detailed description of the product,noted,2010-02-12,2009-02-14
2001-83879,Description of the project goals,noted,2011-12-11,2017-01-01
2017-74049,Benefits of using the software,noted,2002-03-26,2020-11-26
2020-77217,Description of the project goals,approved,2001-04-17,2004-08-18
2001-68292,Description of the project goals,disapproved,2009-09-03,2024-08-30
2000-35655,Exciting features of the service,noted,2021-07-11,2001-09-07
2002-68772,Benefits of using the software,approved,2001-12-30,2019-02-02
2010-59614,Description of the project goals,disapproved,2003-08-01,2019-07-08
2003-79105,Detailed description of the product,filed,2016-04-26,2018-02-14
2006-16714,Detailed description of the product,noted,2016-06-09,2022-02-09
2008-22317,Exciting features of the service,resolved,2013-09-12,2011-02-24
2003-10417,Benefits of using the software,resolved,2010-01-24,2022-09-20
2003-19802,Overview of the event,disapproved,2007-05-22,2014-09-18
2019-38735,Detailed description of the product,filed,2016-05-26,2002-06-16
2017-60726,Detailed description of the product,approved,2000-09-01,2001-12-29
2017-61206,Benefits of using the software,disapproved,2023-11-30,2017-02-12
2011-42227,Benefits of using the software,noted,2024-08-12,2004-05-09
2024-63871,Benefits of using the software,resolved,2014-01-08,2001-06-08
2013-62000,Benefits of using the software,resolved,2017-03-19,2015-12-28
2016-95778,Overview of the event,filed,2023-09-14,2019-06-03
2000-45983,Benefits of using the software,resolved,2014-05-24,2003-04-13
2007-55029,Description of the project goals,approved,2009-10-14,2022-02-25
2011-30961,Description of the project goals,filed,2005-10-07,2019-11-17
2005-24943,Detailed description of the product,disapproved,2016-05-28,2004-08-11
2021-63475,Overview of the event,noted,2010-11-10,2010-05-29
2006-85252,Description of the project goals,disapproved,2000-09-04,2015-05-21
2014-26684,Benefits of using the software,noted,2011-01-04,2011-11-28
2009-89109,Exciting features of the service,resolved,2008-10-27,2015-02-17
2011-52707,Benefits of using the software,disapproved,2013-09-18,2001-10-03
2023-56203,Overview of the event,filed,2002-02-17,2010-09-11
2022-48807,Overview of the event,noted,2010-01-04,2018-08-12
2008-82024,Exciting features of the service,resolved,2015-08-18,2008-12-22
2004-47141,Detailed description of the product,noted,2020-06-21,2010-08-19
2024-43071,Exciting features of the service,noted,2000-11-21,2020-08-02
2004-22072,Overview of the event,resolved,2010-09-22,2012-12-14
2019-48505,Exciting features of the service,disapproved,2017-01-20,2016-07-21
2013-30135,Exciting features of the service,filed,2023-12-19,2008-08-11
2005-26551,Exciting features of the service,disapproved,2002-07-26,2009-03-09
2009-38119,Description of the project goals,noted,2023-03-02,2008-05-19
2001-68440,Detailed description of the product,filed,2019-09-01,2006-05-31
2004-83269,Description of the project goals,filed,2012-01-18,2022-03-17
2018-69190,Exciting features of the service,disapproved,2003-11-30,2002-08-25
2002-10776,Benefits of using the software,noted,2007-11-28,2016-12-18
2023-35402,Overview of the event,approved,2015-08-05,2006-03-28
2021-34750,Detailed description of the product,resolved,2023-12-14,2001-12-30
2011-70235,Description of the project goals,disapproved,2021-11-27,2022-10-17
2012-61544,Detailed description of the product,noted,2022-10-12,2015-11-17
2011-86452,Detailed description of the product,disapproved,2007-07-19,2010-05-08
2002-11540,Benefits of using the software,disapproved,2005-10-17,2015-05-30
2020-93375,Exciting features of the service,disapproved,2019-10-16,2013-02-10
2010-11262,Description of the project goals,noted,2010-11-02,2021-08-03
2013-90088,Detailed description of the product,resolved,2007-05-29,2020-01-11
2021-54472,Overview of the event,resolved,2016-05-14,2005-10-08
2012-63818,Description of the project goals,disapproved,2010-06-29,2001-11-26
2021-38158,Overview of the event,disapproved,2004-10-10,2007-04-23
2003-49061,Overview of the event,noted,2014-01-29,2024-07-08
2001-83920,Detailed description of the product,resolved,2000-09-05,2017-10-08
2020-47702,Detailed description of the product,noted,2001-06-29,2023-01-11
2013-60610,Overview of the event,disapproved,2008-06-10,2012-12-17
2000-31826,Benefits of using the software,noted,2012-06-29,2006-01-03
2002-11551,Exciting features of the service,resolved,2019-06-19,2021-04-02
2003-26350,Description of the project goals,resolved,2019-09-24,2018-03-09
2005-26307,Description of the project goals,resolved,2018-12-24,2013-02-28
2023-31565,Description of the project goals,noted,2000-04-28,2002-02-02
2021-40532,Benefits of using the software,disapproved,2017-07-29,2023-03-20
2011-76295,Exciting features of the service,resolved,2018-10-31,2003-09-11
2020-68374,Exciting features of the service,filed,2024-05-17,2003-08-09
2005-42809,Benefits of using the software,filed,2016-01-05,2019-06-14
2009-44627,Exciting features of the service,noted,2024-07-07,2003-12-05
2022-20824,Description of the project goals,filed,2020-01-18,2000-06-07
2000-68499,Detailed description of the product,disapproved,2003-02-25,2022-07-19
2006-71540,Exciting features of the service,approved,2013-09-29,2018-11-14
2018-57290,Benefits of using the software,noted,2001-10-07,2022-05-29
2016-79884,Overview of the event,filed,2000-10-04,2023-05-22
2007-71893,Overview of the event,noted,2003-05-23,2016-11-09
2001-78072,Detailed description of the product,resolved,2023-11-27,2014-04-06
